anomaly_id,ts,observed,expected
A0001,2025-04-22T00:30:00Z,0,0.2
A0001,2025-04-22T01:30:00Z,0,0.8
A0001,2025-04-22T02:30:00Z,0,0.667
A0001,2025-04-22T03:30:00Z,2,0.6
A0001,2025-04-22T04:30:00Z,0,0.533
A0001,2025-04-22T05:30:00Z,0,0.4
A0001,2025-04-22T06:30:00Z,1,0.4
A0001,2025-04-22T07:30:00Z,0,0.467
A0001,2025-04-22T08:30:00Z,0,0.6
A0001,2025-04-22T09:30:00Z,0,0.267
A0001,2025-04-22T10:30:00Z,0,0.6
A0001,2025-04-22T11:30:00Z,0,1.2
A0001,2025-04-22T12:30:00Z,0,1.067
A0001,2025-04-22T13:30:00Z,0,1.533
A0001,2025-04-22T14:30:00Z,0,0.933
A0001,2025-04-22T15:30:00Z,0,1.133
A0001,2025-04-22T16:30:00Z,1,1.267
A0001,2025-04-22T17:30:00Z,0,0.8
A0002,2025-04-30T18:30:00Z,0,0.286
A0002,2025-04-30T19:30:00Z,0,0.214
A0002,2025-04-30T20:30:00Z,0,0
A0002,2025-04-30T21:30:00Z,0,0
A0002,2025-04-30T22:30:00Z,0,0
A0002,2025-04-30T23:30:00Z,0,0
A0002,2025-05-01T00:30:00Z,1,0.107
A0002,2025-05-01T01:30:00Z,0,0.536
A0002,2025-05-01T02:30:00Z,0,0.5
A0002,2025-05-01T03:30:00Z,2,0.464
A0002,2025-05-01T04:30:00Z,8,0.5
A0002,2025-05-01T05:30:00Z,1,0.286
A0002,2025-05-01T06:30:00Z,4,0.464
A0002,2025-05-01T07:30:00Z,0,0.321
A0002,2025-05-01T08:30:00Z,1,0.357
A0002,2025-05-01T09:30:00Z,0,0.321
A0002,2025-05-01T10:30:00Z,0,0.179
A0002,2025-05-01T11:30:00Z,0,0.429
A0002,2025-05-01T12:30:00Z,1,0.536
A0002,2025-05-01T13:30:00Z,0,0.429
A0002,2025-05-01T14:30:00Z,0,0.75
A0002,2025-05-01T15:30:00Z,0,0.464
A0002,2025-05-01T16:30:00Z,0,0.643
A0002,2025-05-01T17:30:00Z,0,0.357
A0003,2025-04-17T18:30:00Z,1,
A0003,2025-04-18T18:30:00Z,0,
A0003,2025-04-19T18:30:00Z,1,
A0003,2025-04-20T18:30:00Z,0,
A0003,2025-04-21T18:30:00Z,0,
A0003,2025-04-22T18:30:00Z,0,
A0003,2025-04-23T18:30:00Z,1,
A0003,2025-04-24T18:30:00Z,0,
A0003,2025-04-25T18:30:00Z,0,
A0003,2025-04-26T18:30:00Z,0,
A0003,2025-04-27T18:30:00Z,0,
A0003,2025-04-28T18:30:00Z,0,0.234
A0003,2025-04-29T18:30:00Z,2,0.399
A0003,2025-04-30T18:30:00Z,0,0.286
A0003,2025-05-01T18:30:00Z,5,0.338
A0003,2025-05-02T18:30:00Z,1,0.599
A0003,2025-05-03T18:30:00Z,0,0.558
A0003,2025-05-04T18:30:00Z,1,0.607
A0003,2025-05-05T18:30:00Z,0,0.324
A0003,2025-05-06T18:30:00Z,0,0.595
A0003,2025-05-07T18:30:00Z,1,0.469
A0003,2025-05-08T18:30:00Z,0,0.509
A0003,2025-05-09T18:30:00Z,1,0.793
A0003,2025-05-10T18:30:00Z,0,0.453
A0003,2025-05-11T18:30:00Z,0,0.52
A0003,2025-05-12T18:30:00Z,0,0.428
A0003,2025-05-13T18:30:00Z,0,0.673
A0003,2025-05-14T18:30:00Z,0,0.446
A0003,2025-05-15T18:30:00Z,1,0.621
A0004,2025-05-09T18:30:00Z,0,0.05
A0004,2025-05-10T18:30:00Z,0,0.05
A0004,2025-05-11T18:30:00Z,0,0.056
A0004,2025-05-12T18:30:00Z,0,0.05
A0004,2025-05-13T18:30:00Z,0,0.05
A0004,2025-05-14T18:30:00Z,0,0.05
A0004,2025-05-15T18:30:00Z,0,0.05
A0004,2025-05-16T18:30:00Z,0,0.05
A0004,2025-05-17T18:30:00Z,0,0.053
A0004,2025-05-18T18:30:00Z,0,0.05
A0004,2025-05-19T18:30:00Z,0,0.05
A0004,2025-05-20T18:30:00Z,0,0.05
A0004,2025-05-21T18:30:00Z,0,0.05
A0004,2025-05-22T18:30:00Z,0,0.05
A0004,2025-05-23T18:30:00Z,8,0.05
A0004,2025-05-24T18:30:00Z,4,0.388
A0004,2025-05-25T18:30:00Z,0,0.605
A0004,2025-05-26T18:30:00Z,0,0.342
A0004,2025-05-27T18:30:00Z,0,0.569
A0004,2025-05-28T18:30:00Z,0,0.291
A0004,2025-05-29T18:30:00Z,0,0.427
A0004,2025-05-30T18:30:00Z,0,0.487
A0004,2025-05-31T18:30:00Z,0,0.452
A0004,2025-06-01T18:30:00Z,0,0.408
A0004,2025-06-02T18:30:00Z,0,0.47
A0004,2025-06-03T18:30:00Z,0,0.352
A0004,2025-06-04T18:30:00Z,0,0.485
A0004,2025-06-05T18:30:00Z,0,0.588
A0004,2025-06-06T18:30:00Z,1,0.721
A0005,2025-05-26T00:30:00Z,0,0.2
A0005,2025-05-26T01:30:00Z,1,0.65
A0005,2025-05-26T02:30:00Z,0,1.3
A0005,2025-05-26T03:30:00Z,1,0.9
A0005,2025-05-26T04:30:00Z,1,0.65
A0005,2025-05-26T05:30:00Z,1,0.65
A0005,2025-05-26T06:30:00Z,1,0.65
A0005,2025-05-26T07:30:00Z,1,0.25
A0005,2025-05-26T08:30:00Z,0,0.45
A0005,2025-05-26T09:30:00Z,0,0.4
A0005,2025-05-26T10:30:00Z,0,0.55
A0005,2025-05-26T11:30:00Z,0,0.5
A0005,2025-05-26T12:30:00Z,0,0.95
A0005,2025-05-26T13:30:00Z,0,1.3
A0005,2025-05-26T14:30:00Z,0,1.3
A0005,2025-05-26T15:30:00Z,0,1.45
A0005,2025-05-26T16:30:00Z,0,1.25
A0005,2025-05-26T17:30:00Z,2,1.3
A0006,2025-05-17T18:30:00Z,1,0.05
A0006,2025-05-18T18:30:00Z,0,0.05
A0006,2025-05-19T18:30:00Z,0,0.05
A0006,2025-05-20T18:30:00Z,0,0.054
A0006,2025-05-21T18:30:00Z,0,0.05
A0006,2025-05-22T18:30:00Z,0,0.052
A0006,2025-05-23T18:30:00Z,0,0.051
A0006,2025-05-24T18:30:00Z,0,0.05
A0006,2025-05-25T18:30:00Z,0,0.05
A0006,2025-05-26T18:30:00Z,0,0.05
A0006,2025-05-27T18:30:00Z,0,0.05
A0006,2025-05-28T18:30:00Z,0,0.05
A0006,2025-05-29T18:30:00Z,0,0.053
A0006,2025-05-30T18:30:00Z,0,0.05
A0006,2025-05-31T18:30:00Z,4,0.055
A0006,2025-06-01T18:30:00Z,0,0.205
A0006,2025-06-02T18:30:00Z,0,0.175
A0006,2025-06-03T18:30:00Z,0,0.176
A0006,2025-06-04T18:30:00Z,0,0.136
A0006,2025-06-05T18:30:00Z,1,0.113
A0006,2025-06-06T18:30:00Z,0,0.198
A0006,2025-06-07T18:30:00Z,0,0.168
A0006,2025-06-08T18:30:00Z,0,0.26
A0006,2025-06-09T18:30:00Z,0,0.214
A0006,2025-06-10T18:30:00Z,0,0.107
A0006,2025-06-11T18:30:00Z,0,0.279
A0006,2025-06-12T18:30:00Z,1,0.218
A0006,2025-06-13T18:30:00Z,0,0.343
A0006,2025-06-14T18:30:00Z,0,0.301
A0007,2025-05-31T18:30:00Z,0,0.19
A0007,2025-06-01T18:30:00Z,0,0.18
A0007,2025-06-02T18:30:00Z,0,0.113
A0007,2025-06-03T18:30:00Z,0,0.169
A0007,2025-06-04T18:30:00Z,1,0.131
A0007,2025-06-05T18:30:00Z,0,0.111
A0007,2025-06-06T18:30:00Z,0,0.216
A0007,2025-06-07T18:30:00Z,0,0.14
A0007,2025-06-08T18:30:00Z,0,0.102
A0007,2025-06-09T18:30:00Z,1,0.167
A0007,2025-06-10T18:30:00Z,1,0.092
A0007,2025-06-11T18:30:00Z,1,0.167
A0007,2025-06-12T18:30:00Z,0,0.264
A0007,2025-06-13T18:30:00Z,1,0.228
A0007,2025-06-14T18:30:00Z,5,0.379
A0007,2025-06-15T18:30:00Z,0,0.456
A0007,2025-06-16T18:30:00Z,0,0.391
A0007,2025-06-17T18:30:00Z,0,0.476
A0007,2025-06-18T18:30:00Z,0,0.384
A0007,2025-06-19T18:30:00Z,0,0.464
A0007,2025-06-20T18:30:00Z,0,0.511
A0007,2025-06-21T18:30:00Z,0,0.222
A0007,2025-06-22T18:30:00Z,0,0.321
A0007,2025-06-23T18:30:00Z,0,0.295
A0007,2025-06-24T18:30:00Z,0,0.342
A0007,2025-06-25T18:30:00Z,0,0.388
A0007,2025-06-26T18:30:00Z,0,0.295
A0007,2025-06-27T18:30:00Z,1,0.393
A0007,2025-06-28T18:30:00Z,0,0.408
A0008,2025-06-16T00:30:00Z,0,0.15
A0008,2025-06-16T01:30:00Z,0,0.7
A0008,2025-06-16T02:30:00Z,0,1.05
A0008,2025-06-16T03:30:00Z,3,0.9
A0008,2025-06-16T04:30:00Z,1,0.6
A0008,2025-06-16T05:30:00Z,3,0.6
A0008,2025-06-16T06:30:00Z,0,0.85
A0008,2025-06-16T07:30:00Z,1,0.65
A0008,2025-06-16T08:30:00Z,1,0.55
A0008,2025-06-16T09:30:00Z,1,0.3
A0008,2025-06-16T10:30:00Z,0,0.8
A0008,2025-06-16T11:30:00Z,1,0.9
A0008,2025-06-16T12:30:00Z,0,0.95
A0008,2025-06-16T13:30:00Z,0,1.5
A0008,2025-06-16T14:30:00Z,0,1.7
A0008,2025-06-16T15:30:00Z,0,1.35
A0008,2025-06-16T16:30:00Z,0,1.6
A0008,2025-06-16T17:30:00Z,0,1.4
A0009,2025-06-17T00:30:00Z,2,0.15
A0009,2025-06-17T01:30:00Z,0,0.7
A0009,2025-06-17T02:30:00Z,2,0.85
A0009,2025-06-17T03:30:00Z,1,0.65
A0009,2025-06-17T04:30:00Z,1,1.1
A0009,2025-06-17T05:30:00Z,0,0.8
A0009,2025-06-17T06:30:00Z,0,0.5
A0009,2025-06-17T07:30:00Z,0,0.8
A0009,2025-06-17T08:30:00Z,0,0.7
A0009,2025-06-17T09:30:00Z,0,0.55
A0009,2025-06-17T10:30:00Z,0,0.65
A0009,2025-06-17T11:30:00Z,0,0.7
A0009,2025-06-17T12:30:00Z,0,0.85
A0009,2025-06-17T13:30:00Z,0,1.25
A0009,2025-06-17T14:30:00Z,0,1.15
A0009,2025-06-17T15:30:00Z,0,1.6
A0009,2025-06-17T16:30:00Z,2,1.25
A0009,2025-06-17T17:30:00Z,0,1.05
A0010,2025-06-15T18:30:00Z,1,0.339
A0010,2025-06-16T18:30:00Z,0,0.286
A0010,2025-06-17T18:30:00Z,1,0.216
A0010,2025-06-18T18:30:00Z,0,0.397
A0010,2025-06-19T18:30:00Z,0,0.283
A0010,2025-06-20T18:30:00Z,0,0.374
A0010,2025-06-21T18:30:00Z,0,0.341
A0010,2025-06-22T18:30:00Z,0,0.305
A0010,2025-06-23T18:30:00Z,0,0.349
A0010,2025-06-24T18:30:00Z,0,0.345
A0010,2025-06-25T18:30:00Z,2,0.359
A0010,2025-06-26T18:30:00Z,1,0.38
A0010,2025-06-27T18:30:00Z,0,0.396
A0010,2025-06-28T18:30:00Z,0,0.198
A0010,2025-06-29T18:30:00Z,5,0.421
A0010,2025-06-30T18:30:00Z,1,0.566
A0010,2025-07-01T18:30:00Z,1,0.492
A0010,2025-07-02T18:30:00Z,0,0.659
A0010,2025-07-03T18:30:00Z,1,0.656
A0010,2025-07-04T18:30:00Z,3,0.396
A0010,2025-07-05T18:30:00Z,1,0.66
A0010,2025-07-06T18:30:00Z,2,0.632
A0010,2025-07-07T18:30:00Z,0,0.495
A0010,2025-07-08T18:30:00Z,0,0.917
A0010,2025-07-09T18:30:00Z,0,0.827
A0010,2025-07-10T18:30:00Z,0,0.748
A0010,2025-07-11T18:30:00Z,0,0.747
A0010,2025-07-12T18:30:00Z,2,0.744
A0010,2025-07-13T18:30:00Z,1,0.707
A0011,2025-06-20T18:30:00Z,0,0.198
A0011,2025-06-21T18:30:00Z,0,0.13
A0011,2025-06-22T18:30:00Z,1,0.124
A0011,2025-06-23T18:30:00Z,0,0.142
A0011,2025-06-24T18:30:00Z,0,0.164
A0011,2025-06-25T18:30:00Z,0,0.17
A0011,2025-06-26T18:30:00Z,1,0.137
A0011,2025-06-27T18:30:00Z,0,0.129
A0011,2025-06-28T18:30:00Z,3,0.165
A0011,2025-06-29T18:30:00Z,0,0.226
A0011,2025-06-30T18:30:00Z,1,0.16
A0011,2025-07-01T18:30:00Z,2,0.398
A0011,2025-07-02T18:30:00Z,0,0.389
A0011,2025-07-03T18:30:00Z,0,0.442
A0011,2025-07-04T18:30:00Z,5,0.42
A0011,2025-07-05T18:30:00Z,0,0.485
A0011,2025-07-06T18:30:00Z,0,0.57
A0011,2025-07-07T18:30:00Z,0,0.431
A0011,2025-07-08T18:30:00Z,0,0.569
A0011,2025-07-09T18:30:00Z,1,0.506
A0011,2025-07-10T18:30:00Z,1,0.656
A0011,2025-07-11T18:30:00Z,0,0.704
A0011,2025-07-12T18:30:00Z,0,0.568
A0011,2025-07-13T18:30:00Z,0,0.419
A0011,2025-07-14T18:30:00Z,1,0.338
A0011,2025-07-15T18:30:00Z,0,0.507
A0011,2025-07-16T18:30:00Z,1,0.366
A0011,2025-07-17T18:30:00Z,0,0.837
A0011,2025-07-18T18:30:00Z,1,0.734
A0012,2025-07-06T18:30:00Z,1,0.25
A0012,2025-07-06T19:30:00Z,1,0.036
A0012,2025-07-06T20:30:00Z,0,0
A0012,2025-07-06T21:30:00Z,0,0
A0012,2025-07-06T22:30:00Z,0,0
A0012,2025-07-06T23:30:00Z,0,0
A0012,2025-07-07T00:30:00Z,0,0.214
A0012,2025-07-07T01:30:00Z,1,0.286
A0012,2025-07-07T02:30:00Z,0,0.607
A0012,2025-07-07T03:30:00Z,0,0.607
A0012,2025-07-07T04:30:00Z,3,0.321
A0012,2025-07-07T05:30:00Z,4,0.321
A0012,2025-07-07T06:30:00Z,5,0.393
A0012,2025-07-07T07:30:00Z,2,0.393
A0012,2025-07-07T08:30:00Z,0,0.5
A0012,2025-07-07T09:30:00Z,0,0.286
A0012,2025-07-07T10:30:00Z,0,0.393
A0012,2025-07-07T11:30:00Z,0,0.464
A0012,2025-07-07T12:30:00Z,1,0.5
A0012,2025-07-07T13:30:00Z,0,0.429
A0012,2025-07-07T14:30:00Z,1,0.286
A0012,2025-07-07T15:30:00Z,0,1
A0012,2025-07-07T16:30:00Z,2,0.786
A0012,2025-07-07T17:30:00Z,1,0.75
A0013,2025-07-19T18:30:00Z,0,0.05
A0013,2025-07-20T18:30:00Z,0,0.05
A0013,2025-07-21T18:30:00Z,0,0.05
A0013,2025-07-22T18:30:00Z,0,0.05
A0013,2025-07-23T18:30:00Z,0,0.05
A0013,2025-07-24T18:30:00Z,0,0.05
A0013,2025-07-25T18:30:00Z,0,0.05
A0013,2025-07-26T18:30:00Z,0,0.05
A0013,2025-07-27T18:30:00Z,0,0.05
A0013,2025-07-28T18:30:00Z,0,0.05
A0013,2025-07-29T18:30:00Z,0,0.05
A0013,2025-07-30T18:30:00Z,0,0.05
A0013,2025-07-31T18:30:00Z,0,0.05
A0013,2025-08-01T18:30:00Z,0,0.05
A0013,2025-08-02T18:30:00Z,4,0.05
A0013,2025-08-03T18:30:00Z,0,0.068
A0013,2025-08-04T18:30:00Z,0,0.103
A0013,2025-08-05T18:30:00Z,0,0.153
A0013,2025-08-06T18:30:00Z,0,0.093
A0013,2025-08-07T18:30:00Z,0,0.12
A0013,2025-08-08T18:30:00Z,0,0.095
A0013,2025-08-09T18:30:00Z,0,0.198
A0013,2025-08-10T18:30:00Z,0,0.17
A0013,2025-08-11T18:30:00Z,0,0.213
A0013,2025-08-12T18:30:00Z,0,0.126
A0013,2025-08-13T18:30:00Z,0,0.134
A0013,2025-08-14T18:30:00Z,0,0.179
A0013,2025-08-15T18:30:00Z,0,0.169
A0013,2025-08-16T18:30:00Z,0,0.2
A0014,2025-08-04T18:30:00Z,1,0.286
A0014,2025-08-04T19:30:00Z,0,0.214
A0014,2025-08-04T20:30:00Z,0,0
A0014,2025-08-04T21:30:00Z,0,0
A0014,2025-08-04T22:30:00Z,0,0
A0014,2025-08-04T23:30:00Z,0,0
A0014,2025-08-05T00:30:00Z,0,0.071
A0014,2025-08-05T01:30:00Z,0,0.357
A0014,2025-08-05T02:30:00Z,2,0.464
A0014,2025-08-05T03:30:00Z,0,0.429
A0014,2025-08-05T04:30:00Z,0,0.464
A0014,2025-08-05T05:30:00Z,0,0.393
A0014,2025-08-05T06:30:00Z,4,0.536
A0014,2025-08-05T07:30:00Z,2,0.286
A0014,2025-08-05T08:30:00Z,0,0.321
A0014,2025-08-05T09:30:00Z,0,0.214
A0014,2025-08-05T10:30:00Z,0,0.536
A0014,2025-08-05T11:30:00Z,1,0.786
A0014,2025-08-05T12:30:00Z,3,0.607
A0014,2025-08-05T13:30:00Z,0,0.714
A0014,2025-08-05T14:30:00Z,0,0.75
A0014,2025-08-05T15:30:00Z,0,0.679
A0014,2025-08-05T16:30:00Z,0,0.571
A0014,2025-08-05T17:30:00Z,1,0.464
A0015,2025-08-19T18:30:00Z,0,0.152
A0015,2025-08-20T18:30:00Z,0,0.153
A0015,2025-08-21T18:30:00Z,1,0.133
A0015,2025-08-22T18:30:00Z,0,0.138
A0015,2025-08-23T18:30:00Z,1,0.157
A0015,2025-08-24T18:30:00Z,1,0.166
A0015,2025-08-25T18:30:00Z,0,0.116
A0015,2025-08-26T18:30:00Z,0,0.169
A0015,2025-08-27T18:30:00Z,0,0.257
A0015,2025-08-28T18:30:00Z,0,0.275
A0015,2025-08-29T18:30:00Z,2,0.382
A0015,2025-08-30T18:30:00Z,0,0.323
A0015,2025-08-31T18:30:00Z,0,0.179
A0015,2025-09-01T18:30:00Z,0,0.366
A0015,2025-09-02T18:30:00Z,6,0.268
A0015,2025-09-03T18:30:00Z,6,0.566
A0015,2025-09-04T18:30:00Z,0,0.641
A0015,2025-09-05T18:30:00Z,0,0.752
A0015,2025-09-06T18:30:00Z,0,0.639
A0015,2025-09-07T18:30:00Z,0,0.638
A0015,2025-09-08T18:30:00Z,0,0.408
A0015,2025-09-09T18:30:00Z,0,0.537
A0015,2025-09-10T18:30:00Z,1,0.908
A0015,2025-09-11T18:30:00Z,0,0.514
A0015,2025-09-12T18:30:00Z,0,0.752
A0015,2025-09-13T18:30:00Z,2,0.911
A0015,2025-09-14T18:30:00Z,0,0.752
A0015,2025-09-15T18:30:00Z,0,0.711
A0015,2025-09-16T18:30:00Z,0,0.468
A0015,2025-09-17T18:30:00Z,0,0.57
A0016,2025-09-21T00:30:00Z,1,0.125
A0016,2025-09-21T01:30:00Z,1,0.75
A0016,2025-09-21T02:30:00Z,2,2.5
A0016,2025-09-21T03:30:00Z,2,1.75
A0016,2025-09-21T04:30:00Z,0,1
A0016,2025-09-21T05:30:00Z,1,1.25
A0016,2025-09-21T06:30:00Z,0,1.125
A0016,2025-09-21T07:30:00Z,1,1.625
A0016,2025-09-21T08:30:00Z,0,1.125
A0016,2025-09-21T09:30:00Z,0,1.125
A0016,2025-09-21T10:30:00Z,0,1.25
A0016,2025-09-21T11:30:00Z,1,1
A0016,2025-09-21T12:30:00Z,3,1.625
A0016,2025-09-21T13:30:00Z,0,2.25
A0016,2025-09-21T14:30:00Z,0,1.875
A0016,2025-09-21T15:30:00Z,0,2.75
A0016,2025-09-21T16:30:00Z,0,1.5
A0016,2025-09-21T17:30:00Z,1,1
