feature,rank,importance_mae,importance_std,model_version
category_id,1,0.501,0.0087,demand_forecast_run_20261005T130920538
day_of_month,6,0.0091,0.0032,demand_forecast_run_20261005T130920538
day_of_week,3,0.0723,0.0039,demand_forecast_run_20261005T130920538
is_holiday,13,0.0006,0.0005,demand_forecast_run_20261005T130920538
is_weekend,14,0,0,demand_forecast_run_20261005T130920538
lag_1,8,0.0042,0.0019,demand_forecast_run_20261005T130920538
lag_14,12,0.0008,0.0004,demand_forecast_run_20261005T130920538
lag_7,10,0.0016,0.0013,demand_forecast_run_20261005T130920538
month,15,0,0,demand_forecast_run_20261005T130920538
promo_active,4,0.0288,0.002,demand_forecast_run_20261005T130920538
rainfall_mm,7,0.0075,0.0027,demand_forecast_run_20261005T130920538
rolling_mean_14,5,0.0115,0.0017,demand_forecast_run_20261005T130920538
rolling_mean_7,11,0.0015,0.002,demand_forecast_run_20261005T130920538
rolling_std_7,9,0.0028,0.0005,demand_forecast_run_20261005T130920538
stockout_share_lag_1,16,-0.0002,0.0002,demand_forecast_run_20261005T130920538
store_id,2,0.1178,0.0081,demand_forecast_run_20261005T130920538
temperature_c,17,-0.0044,0.0013,demand_forecast_run_20261005T130920538
