cohort_month,month_offset,cohort_size,active_customers,retention_rate
2025-04-01,0,2559,2559,1
2025-04-01,1,2559,1639,0.6405
2025-04-01,2,2559,1626,0.6354
2025-04-01,3,2559,1638,0.6401
2025-04-01,4,2559,1574,0.6151
2025-04-01,5,2559,1514,0.5916
2025-05-01,0,1020,1020,1
2025-05-01,1,1020,552,0.5412
2025-05-01,2,1020,529,0.5186
2025-05-01,3,1020,526,0.5157
2025-05-01,4,1020,543,0.5324
2025-06-01,0,566,566,1
2025-06-01,1,566,289,0.5106
2025-06-01,2,566,294,0.5194
2025-06-01,3,566,254,0.4488
2025-07-01,0,467,467,1
2025-07-01,1,467,206,0.4411
2025-07-01,2,467,217,0.4647
2025-08-01,0,376,376,1
2025-08-01,1,376,164,0.4362
2025-09-01,0,319,319,1
