anomaly_id,detector,store_id,product_id,business_date,start_ts,end_ts,observed,expected,p_value,score,severity,description,model_version
A0001,store_outage,S02,,2025-04-22,2025-04-22T08:30:00Z,2025-04-22T16:30:00Z,0,7.33,0.001,3.02,Medium,(experimental) 0 orders between 14:00 and 22:00 IST where 7.3 were expected,anomaly_run_20261005T135746863
A0002,payment_failure,,,2025-05-01,2025-05-01T04:30:00Z,2025-05-01T07:30:00Z,13,1.25,0,20,High,"13 failed payments and 38 payment-service errors in 3 hour(s), 1.2 failures expected",anomaly_run_20261005T135746863
A0003,demand_spike,S08,P0578,2025-05-02,2025-05-01T18:30:00Z,2025-05-02T18:30:00Z,5,0.34,0,4.56,Medium,5 orders contained this product over 1 day(s) where 0.3 were expected,anomaly_run_20261005T135746863
A0004,demand_spike,S06,P0396,2025-05-24,2025-05-23T18:30:00Z,2025-05-24T18:30:00Z,8,0.05,0,15.03,High,8 orders contained this product over 1 day(s) where 0.1 were expected,anomaly_run_20261005T135746863
A0005,store_outage,S01,,2025-05-26,2025-05-26T09:30:00Z,2025-05-26T17:30:00Z,0,7.7,0.0007,3.17,Medium,(experimental) 0 orders between 15:00 and 23:00 IST where 7.7 were expected,anomaly_run_20261005T135746863
A0006,demand_spike,S10,P0470,2025-06-01,2025-05-31T18:30:00Z,2025-06-01T18:30:00Z,4,0.05,0,6.45,Medium,4 orders contained this product over 1 day(s) where 0.1 were expected,anomaly_run_20261005T135746863
A0007,demand_spike,S02,P0167,2025-06-15,2025-06-14T18:30:00Z,2025-06-15T18:30:00Z,5,0.38,0,4.32,Medium,5 orders contained this product over 1 day(s) where 0.4 were expected,anomaly_run_20261005T135746863
A0008,store_outage,S08,,2025-06-16,2025-06-16T12:30:00Z,2025-06-16T18:30:00Z,0,8.5,0.0003,3.48,Medium,(experimental) 0 orders between 18:00 and 24:00 IST where 8.5 were expected,anomaly_run_20261005T135746863
A0009,store_outage,S03,,2025-06-17,2025-06-17T08:30:00Z,2025-06-17T16:30:00Z,0,7.45,0.0009,3.07,Medium,(experimental) 0 orders between 14:00 and 22:00 IST where 7.4 were expected,anomaly_run_20261005T135746863
A0010,demand_spike,S11,P0578,2025-06-30,2025-06-29T18:30:00Z,2025-06-30T18:30:00Z,5,0.42,0.0001,4.11,Medium,5 orders contained this product over 1 day(s) where 0.4 were expected,anomaly_run_20261005T135746863
A0011,demand_spike,S08,P0359,2025-07-05,2025-07-04T18:30:00Z,2025-07-05T18:30:00Z,5,0.42,0.0001,4.11,Medium,5 orders contained this product over 1 day(s) where 0.4 were expected,anomaly_run_20261005T135746863
A0012,payment_failure,,,2025-07-07,2025-07-07T05:30:00Z,2025-07-07T08:30:00Z,11,1.11,0,20,High,"11 failed payments and 37 payment-service errors in 3 hour(s), 1.1 failures expected",anomaly_run_20261005T135746863
A0013,demand_spike,S02,P0491,2025-08-03,2025-08-02T18:30:00Z,2025-08-03T18:30:00Z,4,0.05,0,6.6,Medium,4 orders contained this product over 1 day(s) where 0.1 were expected,anomaly_run_20261005T135746863
A0014,payment_failure,,,2025-08-05,2025-08-05T06:30:00Z,2025-08-05T08:30:00Z,6,0.82,0,20,High,"6 failed payments and 39 payment-service errors in 2 hour(s), 0.8 failures expected",anomaly_run_20261005T135746863
A0015,demand_spike,S08,P0478,2025-09-03,2025-09-02T18:30:00Z,2025-09-04T18:30:00Z,12,0.83,0,6.39,Medium,12 orders contained this product over 2 day(s) where 0.8 were expected,anomaly_run_20261005T135746863
A0016,store_outage,S11,,2025-09-21,2025-09-21T13:30:00Z,2025-09-21T17:30:00Z,0,8.38,0.0004,3.43,Medium,(experimental) 0 orders between 19:00 and 23:00 IST where 8.4 were expected,anomaly_run_20261005T135746863
