silver_run_id,dataset,check_type,rule,column,rows_affected,rows_checked,affected_pct,outcome
run_20261004T165517135,application_events,duplicates,duplicate_key,,469,15469,3.032,removed
run_20261004T165517135,application_events,rule,fk_missing:customer_id,customer_id,141,15000,0.94,quarantined
run_20261004T165517135,application_events,rule,malformed:metadata,metadata,281,15000,1.873,quarantined
run_20261004T165517135,application_events,rule,required_missing:event_name,event_name,375,15000,2.5,quarantined
run_20261004T165517135,application_events,standardize,format_fixed,event_name,384,15000,2.56,fixed
run_20261004T165517135,application_logs,duplicates,duplicate_key,,172,5069,3.393,removed
run_20261004T165517135,application_logs,rule,malformed:row,,103,5172,1.991,quarantined
run_20261004T165517135,application_logs,rule,required_missing:service,service,138,4897,2.818,quarantined
run_20261004T165517135,application_logs,standardize,format_fixed,log_level,156,4897,3.186,fixed
run_20261004T165517135,cancellations,duplicates,duplicate_key,,90,2610,3.448,removed
run_20261004T165517135,cancellations,rule,fk_missing:order_id,order_id,40,2520,1.587,quarantined
run_20261004T165517135,cancellations,rule,parent_rejected:orders,orders,116,2520,4.603,cascade
run_20261004T165517135,cancellations,rule,required_missing:order_id,order_id,34,2520,1.349,quarantined
run_20261004T165517135,cancellations,rule,required_missing:reason,reason,38,2520,1.508,quarantined
run_20261004T165517135,cancellations,rule,sequence_invalid:cancelled_before_order,cancelled_before_order,18,2520,0.714,quarantined
run_20261004T165517135,cancellations,standardize,format_fixed,reason,78,2520,3.095,fixed
run_20261004T165517135,categories,duplicates,duplicate_key,,1,21,4.762,removed
run_20261004T165517135,categories,standardize,format_fixed,category_name,1,20,5.0,fixed
run_20261004T165517135,customers,duplicates,duplicate_key,,400,6400,6.25,removed
run_20261004T165517135,customers,soft_rule,dq_email_invalid,,0,6000,0.0,flagged
run_20261004T165517135,customers,standardize,format_fixed,email,120,6000,2.0,fixed
run_20261004T165517135,customers,standardize,format_fixed,name,221,6000,3.683,fixed
run_20261004T165517135,deliveries,duplicates,duplicate_key,,1062,35062,3.029,removed
run_20261004T165517135,deliveries,rule,fk_missing:order_id,order_id,338,34000,0.994,quarantined
run_20261004T165517135,deliveries,rule,fk_missing:partner_id,partner_id,152,34000,0.447,quarantined
run_20261004T165517135,deliveries,rule,parent_rejected:orders,orders,1463,34000,4.303,cascade
run_20261004T165517135,deliveries,rule,required_missing:delivered_ts,delivered_ts,430,34000,1.265,quarantined
run_20261004T165517135,deliveries,rule,required_missing:partner_id,partner_id,420,34000,1.235,quarantined
run_20261004T165517135,deliveries,rule,sequence_invalid:delivered_before_pickup,delivered_before_pickup,212,34000,0.624,quarantined
run_20261004T165517135,deliveries,soft_rule,dq_partner_wrong_city,,408,31050,1.314,flagged
run_20261004T165517135,deliveries,standardize,format_fixed,pickup_ts,322,34000,0.947,fixed
run_20261004T165517135,deliveries,standardize,format_fixed,status,593,34000,1.744,fixed
run_20261004T165517135,delivery_partners,duplicates,duplicate_key,,8,128,6.25,removed
run_20261004T165517135,delivery_partners,standardize,format_fixed,availability_status,7,120,5.833,fixed
run_20261004T165517135,inventory_events,duplicates,duplicate_key,,400,12400,3.226,removed
run_20261004T165517135,inventory_events,rule,fk_missing:store_id,store_id,120,12000,1.0,quarantined
run_20261004T165517135,inventory_events,rule,range_invalid:quantity,quantity,160,12000,1.333,quarantined
run_20261004T165517135,inventory_events,rule,required_missing:event_ts,event_ts,166,12000,1.383,quarantined
run_20261004T165517135,inventory_events,rule,required_missing:quantity,quantity,154,12000,1.283,quarantined
run_20261004T165517135,inventory_events,standardize,format_fixed,event_type,337,12000,2.808,fixed
run_20261004T165517135,inventory_snapshots,duplicates,duplicate_key,,289,8089,3.573,removed
run_20261004T165517135,inventory_snapshots,rule,fk_missing:product_id,product_id,87,7800,1.115,quarantined
run_20261004T165517135,inventory_snapshots,rule,range_invalid:stock_quantity,stock_quantity,115,7800,1.474,quarantined
run_20261004T165517135,inventory_snapshots,rule,required_missing:stock_quantity,stock_quantity,231,7800,2.962,quarantined
run_20261004T165517135,inventory_snapshots,rule,type_invalid:stock_quantity,stock_quantity,87,7800,1.115,quarantined
run_20261004T165517135,inventory_snapshots,standardize,format_fixed,snapshot_ts,71,7800,0.91,fixed
run_20261004T165517135,order_items,duplicates,duplicate_key,,3948,126348,3.125,removed
run_20261004T165517135,order_items,rule,fk_missing:order_id,order_id,1225,122400,1.001,quarantined
run_20261004T165517135,order_items,rule,fk_missing:product_id,product_id,593,122400,0.485,quarantined
run_20261004T165517135,order_items,rule,parent_rejected:orders,orders,5244,122400,4.284,cascade
run_20261004T165517135,order_items,rule,range_invalid:quantity,quantity,1059,122400,0.865,quarantined
run_20261004T165517135,order_items,rule,range_invalid:unit_price,unit_price,520,122400,0.425,quarantined
run_20261004T165517135,order_items,rule,required_missing:order_id,order_id,1026,122400,0.838,quarantined
run_20261004T165517135,order_items,rule,required_missing:product_id,product_id,1052,122400,0.86,quarantined
run_20261004T165517135,order_items,rule,required_missing:quantity,quantity,1081,122400,0.883,quarantined
run_20261004T165517135,order_items,rule,type_invalid:quantity,quantity,1185,122400,0.968,quarantined
run_20261004T165517135,order_items,soft_rule,dq_unit_price_mismatch,,1506,109682,1.373,flagged
run_20261004T165517135,order_promotions,duplicates,duplicate_key,,360,7560,4.762,removed
run_20261004T165517135,order_promotions,rule,fk_missing:order_id,order_id,32,7200,0.444,quarantined
run_20261004T165517135,order_promotions,rule,fk_missing:promotion_id,promotion_id,108,7200,1.5,quarantined
run_20261004T165517135,order_promotions,rule,parent_rejected:orders,orders,299,7200,4.153,cascade
run_20261004T165517135,order_promotions,rule,parent_rejected:promotions,promotions,307,7200,4.264,cascade
run_20261004T165517135,order_promotions,rule,range_invalid:discount_amount,discount_amount,144,7200,2.0,quarantined
run_20261004T165517135,order_promotions,soft_rule,dq_promo_inactive,,127,6332,2.006,flagged
run_20261004T165517135,orders,duplicates,duplicate_key,,973,36973,2.632,removed
run_20261004T165517135,orders,rule,fk_missing:customer_id,customer_id,155,36000,0.431,quarantined
run_20261004T165517135,orders,rule,fk_missing:store_id,store_id,137,36000,0.381,quarantined
run_20261004T165517135,orders,rule,range_invalid:total_amount,total_amount,389,36000,1.081,quarantined
run_20261004T165517135,orders,rule,required_missing:customer_id,customer_id,204,36000,0.567,quarantined
run_20261004T165517135,orders,rule,required_missing:order_id,order_id,183,36000,0.508,quarantined
run_20261004T165517135,orders,rule,required_missing:order_ts,order_ts,193,36000,0.536,quarantined
run_20261004T165517135,orders,rule,required_missing:store_id,store_id,198,36000,0.55,quarantined
run_20261004T165517135,orders,rule,type_invalid:total_amount,total_amount,292,36000,0.811,quarantined
run_20261004T165517135,orders,standardize,format_fixed,order_ts,204,36000,0.567,fixed
run_20261004T165517135,orders,standardize,format_fixed,status,624,36000,1.733,fixed
run_20261004T165517135,payments,duplicates,duplicate_key,,1022,38822,2.633,removed
run_20261004T165517135,payments,rule,fk_missing:order_id,order_id,495,37800,1.31,quarantined
run_20261004T165517135,payments,rule,parent_rejected:orders,orders,1595,37800,4.22,cascade
run_20261004T165517135,payments,rule,range_invalid:amount,amount,409,37800,1.082,quarantined
run_20261004T165517135,payments,rule,required_missing:amount,amount,418,37800,1.106,quarantined
run_20261004T165517135,payments,rule,required_missing:order_id,order_id,399,37800,1.056,quarantined
run_20261004T165517135,payments,rule,type_invalid:amount,amount,306,37800,0.81,quarantined
run_20261004T165517135,payments,soft_rule,dq_amount_mismatch,,465,34242,1.358,flagged
run_20261004T165517135,payments,standardize,format_fixed,method,548,37800,1.45,fixed
run_20261004T165517135,payments,standardize,format_fixed,status,305,37800,0.807,fixed
run_20261004T165517135,products,duplicates,duplicate_key,,40,640,6.25,removed
run_20261004T165517135,products,standardize,format_fixed,brand,26,600,4.333,fixed
run_20261004T165517135,products,standardize,format_fixed,product_name,9,600,1.5,fixed
run_20261004T165517135,promotions,duplicates,duplicate_key,,2,62,3.226,removed
run_20261004T165517135,promotions,rule,range_invalid:discount_pct,discount_pct,1,60,1.667,quarantined
run_20261004T165517135,promotions,rule,required_missing:start_date,start_date,2,60,3.333,quarantined
run_20261004T165517135,promotions,standardize,format_fixed,name,2,60,3.333,fixed
run_20261004T165517135,returns_refunds,duplicates,duplicate_key,,69,1869,3.692,removed
run_20261004T165517135,returns_refunds,rule,business:refund_exceeds_payment,refund_exceeds_payment,25,1800,1.389,quarantined
run_20261004T165517135,returns_refunds,rule,fk_missing:order_id,order_id,8,1800,0.444,quarantined
run_20261004T165517135,returns_refunds,rule,fk_missing:payment_id,payment_id,21,1800,1.167,quarantined
run_20261004T165517135,returns_refunds,rule,parent_rejected:orders,orders,81,1800,4.5,cascade
run_20261004T165517135,returns_refunds,rule,parent_rejected:payments,payments,170,1800,9.444,cascade
run_20261004T165517135,returns_refunds,rule,required_missing:payment_id,payment_id,55,1800,3.056,quarantined
run_20261004T165517135,returns_refunds,rule,sequence_invalid:refund_before_payment,refund_before_payment,13,1800,0.722,quarantined
run_20261004T165517135,reviews,duplicates,duplicate_key,,208,5608,3.709,removed
run_20261004T165517135,reviews,rule,fk_missing:customer_id,customer_id,62,5400,1.148,quarantined
run_20261004T165517135,reviews,rule,fk_missing:order_id,order_id,24,5400,0.444,quarantined
run_20261004T165517135,reviews,rule,parent_rejected:orders,orders,234,5400,4.333,cascade
run_20261004T165517135,reviews,rule,range_invalid:rating,rating,83,5400,1.537,quarantined
run_20261004T165517135,reviews,soft_rule,dq_unverified_purchase,,128,5001,2.56,flagged
run_20261004T165517135,reviews,standardize,format_fixed,comment,125,5400,2.315,fixed
run_20261004T165517135,reviews,standardize,format_fixed,review_ts,48,5400,0.889,fixed
run_20261004T165517135,stores,duplicates,duplicate_key,,1,13,7.692,removed
run_20261004T165517135,weather,duplicates,duplicate_key,,146,4538,3.217,removed
run_20261004T165517135,weather,rule,range_invalid:humidity_pct,humidity_pct,59,4392,1.343,quarantined
run_20261004T165517135,weather,rule,required_missing:rainfall_mm,rainfall_mm,117,4392,2.664,quarantined
run_20261004T165517135,weather,rule,type_invalid:temperature_c,temperature_c,44,4392,1.002,quarantined
run_20261004T165517135,weather,standardize,format_fixed,observation_ts,121,4392,2.755,fixed
