evaluation,model,horizon,segment,mae,rmse,wape,bias,interval_coverage,rows,model_version
category_daily,baseline_moving_avg,0,CAT01,2.5452,3.4679,0.5963,0.0052,,2268,demand_forecast_run_20261005T130920538
category_daily,baseline_moving_avg,0,CAT02,2.5681,3.3874,0.559,-0.0285,,2268,demand_forecast_run_20261005T130920538
category_daily,baseline_moving_avg,0,CAT03,2.8493,3.6889,0.6248,-0.0012,,2268,demand_forecast_run_20261005T130920538
category_daily,baseline_moving_avg,0,CAT04,2.9075,4.0105,0.6373,-0.026,,2268,demand_forecast_run_20261005T130920538
category_daily,baseline_moving_avg,0,CAT05,3.8714,5.5748,0.5377,-0.0027,,2268,demand_forecast_run_20261005T130920538
category_daily,baseline_moving_avg,0,CAT06,2.1005,2.605,0.7569,0.0919,,2268,demand_forecast_run_20261005T130920538
category_daily,baseline_moving_avg,0,CAT07,1.9228,2.4541,0.7423,0.032,,2268,demand_forecast_run_20261005T130920538
category_daily,baseline_moving_avg,0,CAT08,1.8446,2.3616,0.7364,-0.022,,2268,demand_forecast_run_20261005T130920538
category_daily,baseline_moving_avg,0,CAT09,1.8741,2.8311,0.8349,0.0469,,2268,demand_forecast_run_20261005T130920538
category_daily,baseline_moving_avg,0,CAT10,2.5794,3.4288,0.7585,-0.0345,,2268,demand_forecast_run_20261005T130920538
category_daily,baseline_moving_avg,0,CAT11,2.8713,4.0833,0.5814,-0.0154,,2268,demand_forecast_run_20261005T130920538
category_daily,baseline_moving_avg,0,CAT12,2.0234,2.6661,0.7725,0.0567,,2268,demand_forecast_run_20261005T130920538
category_daily,baseline_moving_avg,0,CAT13,2.6309,3.3059,0.7065,0.0013,,2268,demand_forecast_run_20261005T130920538
category_daily,baseline_moving_avg,0,CAT14,2.461,3.243,0.7701,0.0372,,2268,demand_forecast_run_20261005T130920538
category_daily,baseline_moving_avg,0,CAT15,2.4805,3.4023,0.7183,-0.0393,,2268,demand_forecast_run_20261005T130920538
category_daily,baseline_moving_avg,0,CAT16,1.3878,1.852,0.9693,-0.0291,,2268,demand_forecast_run_20261005T130920538
category_daily,baseline_moving_avg,0,CAT17,1.7213,2.2644,0.7982,0.0018,,2268,demand_forecast_run_20261005T130920538
category_daily,baseline_moving_avg,0,CAT18,1.623,2.0923,0.8419,0.0468,,2268,demand_forecast_run_20261005T130920538
category_daily,baseline_moving_avg,0,CAT19,1.9926,2.7564,0.7733,0.0569,,2268,demand_forecast_run_20261005T130920538
category_daily,baseline_moving_avg,0,CAT20,1.478,1.9548,0.8805,-0.024,,2268,demand_forecast_run_20261005T130920538
category_daily,baseline_moving_avg,0,all,2.2866,3.1905,0.6887,0.0036,,45360,demand_forecast_run_20261005T130920538
category_daily,baseline_moving_avg,1,CAT01,2.5782,3.5198,0.6023,0.0053,,360,demand_forecast_run_20261005T130920538
category_daily,baseline_moving_avg,1,CAT02,2.5504,3.384,0.5554,-0.0191,,360,demand_forecast_run_20261005T130920538
category_daily,baseline_moving_avg,1,CAT03,2.8492,3.6849,0.6293,0.0221,,360,demand_forecast_run_20261005T130920538
category_daily,baseline_moving_avg,1,CAT04,2.8877,3.9301,0.637,-0.0101,,360,demand_forecast_run_20261005T130920538
category_daily,baseline_moving_avg,1,CAT05,3.7044,5.2433,0.5279,0.0194,,360,demand_forecast_run_20261005T130920538
category_daily,baseline_moving_avg,1,CAT06,2.0794,2.5875,0.7404,0.0709,,360,demand_forecast_run_20261005T130920538
category_daily,baseline_moving_avg,1,CAT07,1.944,2.4566,0.7501,0.0381,,360,demand_forecast_run_20261005T130920538
category_daily,baseline_moving_avg,1,CAT08,1.8619,2.3662,0.7548,0.0013,,360,demand_forecast_run_20261005T130920538
category_daily,baseline_moving_avg,1,CAT09,1.9139,2.9017,0.8362,0.0206,,360,demand_forecast_run_20261005T130920538
category_daily,baseline_moving_avg,1,CAT10,2.5516,3.3326,0.7687,0.0072,,360,demand_forecast_run_20261005T130920538
category_daily,baseline_moving_avg,1,CAT11,2.8524,3.9741,0.5801,-0.0044,,360,demand_forecast_run_20261005T130920538
category_daily,baseline_moving_avg,1,CAT12,1.9774,2.6015,0.7362,0.0244,,360,demand_forecast_run_20261005T130920538
category_daily,baseline_moving_avg,1,CAT13,2.5683,3.2784,0.7015,0.0169,,360,demand_forecast_run_20261005T130920538
category_daily,baseline_moving_avg,1,CAT14,2.373,3.1299,0.7533,0.0511,,360,demand_forecast_run_20261005T130920538
category_daily,baseline_moving_avg,1,CAT15,2.4425,3.37,0.7219,-0.0083,,360,demand_forecast_run_20261005T130920538
category_daily,baseline_moving_avg,1,CAT16,1.4171,1.8764,1.0042,-0.0177,,360,demand_forecast_run_20261005T130920538
category_daily,baseline_moving_avg,1,CAT17,1.7206,2.2439,0.7982,0.021,,360,demand_forecast_run_20261005T130920538
category_daily,baseline_moving_avg,1,CAT18,1.6313,2.0733,0.8402,0.0456,,360,demand_forecast_run_20261005T130920538
category_daily,baseline_moving_avg,1,CAT19,1.973,2.7734,0.7315,0.0003,,360,demand_forecast_run_20261005T130920538
category_daily,baseline_moving_avg,1,CAT20,1.4762,1.9128,0.8962,-0.0053,,360,demand_forecast_run_20261005T130920538
category_daily,baseline_moving_avg,1,all,2.2676,3.1375,0.6864,0.0127,,7200,demand_forecast_run_20261005T130920538
category_daily,baseline_moving_avg,2,CAT01,2.5616,3.5031,0.5927,-0.0063,,348,demand_forecast_run_20261005T130920538
category_daily,baseline_moving_avg,2,CAT02,2.6092,3.4615,0.5605,-0.0363,,348,demand_forecast_run_20261005T130920538
category_daily,baseline_moving_avg,2,CAT03,2.8588,3.6438,0.6341,0.0235,,348,demand_forecast_run_20261005T130920538
category_daily,baseline_moving_avg,2,CAT04,2.8186,3.8764,0.6232,-0.0131,,348,demand_forecast_run_20261005T130920538
category_daily,baseline_moving_avg,2,CAT05,3.7734,5.4191,0.5338,0.0135,,348,demand_forecast_run_20261005T130920538
category_daily,baseline_moving_avg,2,CAT06,2.1186,2.6321,0.7601,0.08,,348,demand_forecast_run_20261005T130920538
category_daily,baseline_moving_avg,2,CAT07,1.9319,2.4542,0.7445,0.0348,,348,demand_forecast_run_20261005T130920538
category_daily,baseline_moving_avg,2,CAT08,1.8666,2.3905,0.7509,-0.0058,,348,demand_forecast_run_20261005T130920538
category_daily,baseline_moving_avg,2,CAT09,1.8916,2.8903,0.8147,0.0057,,348,demand_forecast_run_20261005T130920538
category_daily,baseline_moving_avg,2,CAT10,2.5447,3.3641,0.7628,-0.0063,,348,demand_forecast_run_20261005T130920538
category_daily,baseline_moving_avg,2,CAT11,2.8699,4.045,0.5871,-0.0016,,348,demand_forecast_run_20261005T130920538
category_daily,baseline_moving_avg,2,CAT12,2.007,2.6564,0.7494,0.0296,,348,demand_forecast_run_20261005T130920538
category_daily,baseline_moving_avg,2,CAT13,2.601,3.2989,0.7082,0.0118,,348,demand_forecast_run_20261005T130920538
category_daily,baseline_moving_avg,2,CAT14,2.4536,3.2185,0.7769,0.0513,,348,demand_forecast_run_20261005T130920538
category_daily,baseline_moving_avg,2,CAT15,2.4635,3.3907,0.7234,-0.0184,,348,demand_forecast_run_20261005T130920538
category_daily,baseline_moving_avg,2,CAT16,1.4015,1.8395,1.0035,-0.01,,348,demand_forecast_run_20261005T130920538
category_daily,baseline_moving_avg,2,CAT17,1.6933,2.2142,0.7921,0.0244,,348,demand_forecast_run_20261005T130920538
category_daily,baseline_moving_avg,2,CAT18,1.617,2.0649,0.8386,0.0496,,348,demand_forecast_run_20261005T130920538
category_daily,baseline_moving_avg,2,CAT19,1.9626,2.7488,0.74,0.0209,,348,demand_forecast_run_20261005T130920538
category_daily,baseline_moving_avg,2,CAT20,1.4565,1.8901,0.8892,0.002,,348,demand_forecast_run_20261005T130920538
category_daily,baseline_moving_avg,2,all,2.275,3.163,0.6878,0.0097,,6960,demand_forecast_run_20261005T130920538
category_daily,baseline_moving_avg,3,CAT01,2.5395,3.4427,0.5996,0.014,,336,demand_forecast_run_20261005T130920538
category_daily,baseline_moving_avg,3,CAT02,2.6033,3.4042,0.5691,-0.0222,,336,demand_forecast_run_20261005T130920538
category_daily,baseline_moving_avg,3,CAT03,2.8644,3.6619,0.6311,0.0106,,336,demand_forecast_run_20261005T130920538
category_daily,baseline_moving_avg,3,CAT04,2.9124,3.9727,0.6421,-0.0199,,336,demand_forecast_run_20261005T130920538
category_daily,baseline_moving_avg,3,CAT05,3.852,5.5282,0.5418,0.0086,,336,demand_forecast_run_20261005T130920538
category_daily,baseline_moving_avg,3,CAT06,2.1127,2.5952,0.7649,0.0907,,336,demand_forecast_run_20261005T130920538
category_daily,baseline_moving_avg,3,CAT07,1.909,2.4568,0.7331,0.0284,,336,demand_forecast_run_20261005T130920538
category_daily,baseline_moving_avg,3,CAT08,1.8316,2.3575,0.7362,-0.0109,,336,demand_forecast_run_20261005T130920538
category_daily,baseline_moving_avg,3,CAT09,1.8907,2.8914,0.8176,0.0112,,336,demand_forecast_run_20261005T130920538
category_daily,baseline_moving_avg,3,CAT10,2.5408,3.3732,0.7535,-0.0242,,336,demand_forecast_run_20261005T130920538
category_daily,baseline_moving_avg,3,CAT11,2.8946,4.096,0.5905,-0.0069,,336,demand_forecast_run_20261005T130920538
category_daily,baseline_moving_avg,3,CAT12,2.0242,2.6948,0.7642,0.0413,,336,demand_forecast_run_20261005T130920538
category_daily,baseline_moving_avg,3,CAT13,2.6539,3.3595,0.7191,0.0055,,336,demand_forecast_run_20261005T130920538
category_daily,baseline_moving_avg,3,CAT14,2.4643,3.2384,0.7826,0.0554,,336,demand_forecast_run_20261005T130920538
category_daily,baseline_moving_avg,3,CAT15,2.4477,3.3679,0.7158,-0.0277,,336,demand_forecast_run_20261005T130920538
category_daily,baseline_moving_avg,3,CAT16,1.3958,1.8478,0.9853,-0.0219,,336,demand_forecast_run_20261005T130920538
category_daily,baseline_moving_avg,3,CAT17,1.7232,2.2512,0.7986,0.0073,,336,demand_forecast_run_20261005T130920538
category_daily,baseline_moving_avg,3,CAT18,1.6046,2.0716,0.8424,0.0585,,336,demand_forecast_run_20261005T130920538
category_daily,baseline_moving_avg,3,CAT19,1.9545,2.7153,0.7505,0.0433,,336,demand_forecast_run_20261005T130920538
category_daily,baseline_moving_avg,3,CAT20,1.4843,1.9462,0.9002,-0.0028,,336,demand_forecast_run_20261005T130920538
category_daily,baseline_moving_avg,3,all,2.2852,3.1808,0.6917,0.009,,6720,demand_forecast_run_20261005T130920538
category_daily,baseline_moving_avg,4,CAT01,2.5322,3.4865,0.5911,0.0026,,324,demand_forecast_run_20261005T130920538
category_daily,baseline_moving_avg,4,CAT02,2.5873,3.3823,0.5634,-0.0275,,324,demand_forecast_run_20261005T130920538
category_daily,baseline_moving_avg,4,CAT03,2.8532,3.6953,0.6208,-0.0083,,324,demand_forecast_run_20261005T130920538
category_daily,baseline_moving_avg,4,CAT04,2.9374,4.0568,0.6396,-0.0328,,324,demand_forecast_run_20261005T130920538
category_daily,baseline_moving_avg,4,CAT05,3.8765,5.5635,0.537,-0.0043,,324,demand_forecast_run_20261005T130920538
category_daily,baseline_moving_avg,4,CAT06,2.1424,2.6589,0.7696,0.0876,,324,demand_forecast_run_20261005T130920538
category_daily,baseline_moving_avg,4,CAT07,1.9308,2.4876,0.7519,0.0407,,324,demand_forecast_run_20261005T130920538
category_daily,baseline_moving_avg,4,CAT08,1.821,2.3442,0.7248,-0.0235,,324,demand_forecast_run_20261005T130920538
category_daily,baseline_moving_avg,4,CAT09,1.8726,2.8011,0.8345,0.0466,,324,demand_forecast_run_20261005T130920538
category_daily,baseline_moving_avg,4,CAT10,2.5908,3.4322,0.7617,-0.0373,,324,demand_forecast_run_20261005T130920538
category_daily,baseline_moving_avg,4,CAT11,2.907,4.0965,0.589,-0.016,,324,demand_forecast_run_20261005T130920538
category_daily,baseline_moving_avg,4,CAT12,2.0511,2.7218,0.7764,0.0484,,324,demand_forecast_run_20261005T130920538
category_daily,baseline_moving_avg,4,CAT13,2.6927,3.327,0.7169,-0.01,,324,demand_forecast_run_20261005T130920538
category_daily,baseline_moving_avg,4,CAT14,2.4687,3.2417,0.7743,0.0413,,324,demand_forecast_run_20261005T130920538
category_daily,baseline_moving_avg,4,CAT15,2.4894,3.4196,0.7176,-0.044,,324,demand_forecast_run_20261005T130920538
category_daily,baseline_moving_avg,4,CAT16,1.3898,1.8629,0.9581,-0.0383,,324,demand_forecast_run_20261005T130920538
category_daily,baseline_moving_avg,4,CAT17,1.7381,2.2723,0.8045,-0.0004,,324,demand_forecast_run_20261005T130920538
category_daily,baseline_moving_avg,4,CAT18,1.5988,2.0818,0.8275,0.0424,,324,demand_forecast_run_20261005T130920538
category_daily,baseline_moving_avg,4,CAT19,1.9956,2.7616,0.7725,0.0533,,324,demand_forecast_run_20261005T130920538
category_daily,baseline_moving_avg,4,CAT20,1.4899,1.9708,0.8761,-0.0314,,324,demand_forecast_run_20261005T130920538
category_daily,baseline_moving_avg,4,all,2.2983,3.2014,0.6901,0.0005,,6480,demand_forecast_run_20261005T130920538
category_daily,baseline_moving_avg,5,CAT01,2.5902,3.5854,0.6,-0.0086,,312,demand_forecast_run_20261005T130920538
category_daily,baseline_moving_avg,5,CAT02,2.5385,3.3028,0.5574,-0.0211,,312,demand_forecast_run_20261005T130920538
category_daily,baseline_moving_avg,5,CAT03,2.8233,3.6942,0.6092,-0.0239,,312,demand_forecast_run_20261005T130920538
category_daily,baseline_moving_avg,5,CAT04,2.9231,4.074,0.6342,-0.0391,,312,demand_forecast_run_20261005T130920538
category_daily,baseline_moving_avg,5,CAT05,3.9505,5.7024,0.5406,-0.0162,,312,demand_forecast_run_20261005T130920538
category_daily,baseline_moving_avg,5,CAT06,2.0806,2.5986,0.741,0.0828,,312,demand_forecast_run_20261005T130920538
category_daily,baseline_moving_avg,5,CAT07,1.9327,2.4691,0.7519,0.0372,,312,demand_forecast_run_20261005T130920538
category_daily,baseline_moving_avg,5,CAT08,1.8324,2.3489,0.72,-0.041,,312,demand_forecast_run_20261005T130920538
category_daily,baseline_moving_avg,5,CAT09,1.8452,2.7521,0.8332,0.0637,,312,demand_forecast_run_20261005T130920538
category_daily,baseline_moving_avg,5,CAT10,2.619,3.4915,0.7601,-0.0532,,312,demand_forecast_run_20261005T130920538
category_daily,baseline_moving_avg,5,CAT11,2.8585,4.098,0.5758,-0.0241,,312,demand_forecast_run_20261005T130920538
category_daily,baseline_moving_avg,5,CAT12,2.0536,2.6956,0.79,0.0675,,312,demand_forecast_run_20261005T130920538
category_daily,baseline_moving_avg,5,CAT13,2.6552,3.3077,0.6956,-0.022,,312,demand_forecast_run_20261005T130920538
category_daily,baseline_moving_avg,5,CAT14,2.4583,3.2474,0.7617,0.0265,,312,demand_forecast_run_20261005T130920538
category_daily,baseline_moving_avg,5,CAT15,2.5252,3.4573,0.7208,-0.0566,,312,demand_forecast_run_20261005T130920538
category_daily,baseline_moving_avg,5,CAT16,1.3603,1.8289,0.9474,-0.0284,,312,demand_forecast_run_20261005T130920538
category_daily,baseline_moving_avg,5,CAT17,1.7399,2.3152,0.8019,-0.0122,,312,demand_forecast_run_20261005T130920538
category_daily,baseline_moving_avg,5,CAT18,1.603,2.0951,0.8267,0.0366,,312,demand_forecast_run_20261005T130920538
category_daily,baseline_moving_avg,5,CAT19,2.0041,2.756,0.7865,0.0699,,312,demand_forecast_run_20261005T130920538
category_daily,baseline_moving_avg,5,CAT20,1.4918,1.9954,0.8667,-0.0468,,312,demand_forecast_run_20261005T130920538
category_daily,baseline_moving_avg,5,all,2.2943,3.2158,0.6855,-0.006,,6240,demand_forecast_run_20261005T130920538
category_daily,baseline_moving_avg,6,CAT01,2.4824,3.3233,0.585,0.0082,,300,demand_forecast_run_20261005T130920538
category_daily,baseline_moving_avg,6,CAT02,2.5043,3.3352,0.5448,-0.0351,,300,demand_forecast_run_20261005T130920538
category_daily,baseline_moving_avg,6,CAT03,2.8614,3.7421,0.6261,-0.0191,,300,demand_forecast_run_20261005T130920538
category_daily,baseline_moving_avg,6,CAT04,2.9395,4.1044,0.6404,-0.0381,,300,demand_forecast_run_20261005T130920538
category_daily,baseline_moving_avg,6,CAT05,3.9614,5.7797,0.5361,-0.0265,,300,demand_forecast_run_20261005T130920538
category_daily,baseline_moving_avg,6,CAT06,2.0648,2.5742,0.7436,0.0991,,300,demand_forecast_run_20261005T130920538
category_daily,baseline_moving_avg,6,CAT07,1.9152,2.4227,0.7376,0.0242,,300,demand_forecast_run_20261005T130920538
category_daily,baseline_moving_avg,6,CAT08,1.86,2.3731,0.7342,-0.0417,,300,demand_forecast_run_20261005T130920538
category_daily,baseline_moving_avg,6,CAT09,1.8643,2.779,0.8591,0.0902,,300,demand_forecast_run_20261005T130920538
category_daily,baseline_moving_avg,6,CAT10,2.6143,3.518,0.7448,-0.0752,,300,demand_forecast_run_20261005T130920538
category_daily,baseline_moving_avg,6,CAT11,2.8581,4.1382,0.5724,-0.0315,,300,demand_forecast_run_20261005T130920538
category_daily,baseline_moving_avg,6,CAT12,2.049,2.6941,0.7963,0.0812,,300,demand_forecast_run_20261005T130920538
category_daily,baseline_moving_avg,6,CAT13,2.6667,3.3395,0.695,-0.0236,,300,demand_forecast_run_20261005T130920538
category_daily,baseline_moving_avg,6,CAT14,2.5081,3.304,0.7639,0.0074,,300,demand_forecast_run_20261005T130920538
category_daily,baseline_moving_avg,6,CAT15,2.5238,3.4806,0.7069,-0.0787,,300,demand_forecast_run_20261005T130920538
category_daily,baseline_moving_avg,6,CAT16,1.3733,1.8663,0.945,-0.0393,,300,demand_forecast_run_20261005T130920538
category_daily,baseline_moving_avg,6,CAT17,1.7224,2.2948,0.7986,-0.0139,,300,demand_forecast_run_20261005T130920538
category_daily,baseline_moving_avg,6,CAT18,1.64,2.1247,0.8483,0.0404,,300,demand_forecast_run_20261005T130920538
category_daily,baseline_moving_avg,6,CAT19,2.0467,2.7625,0.8275,0.1086,,300,demand_forecast_run_20261005T130920538
category_daily,baseline_moving_avg,6,CAT20,1.4848,2.0046,0.8683,-0.0462,,300,demand_forecast_run_20261005T130920538
category_daily,baseline_moving_avg,6,all,2.297,3.2259,0.6861,-0.008,,6000,demand_forecast_run_20261005T130920538
category_daily,baseline_moving_avg,7,CAT01,2.5218,3.3851,0.6032,0.0247,,288,demand_forecast_run_20261005T130920538
category_daily,baseline_moving_avg,7,CAT02,2.5764,3.4316,0.5613,-0.0402,,288,demand_forecast_run_20261005T130920538
category_daily,baseline_moving_avg,7,CAT03,2.8313,3.7105,0.6215,-0.0213,,288,demand_forecast_run_20261005T130920538
category_daily,baseline_moving_avg,7,CAT04,2.9504,4.0913,0.6467,-0.0335,,288,demand_forecast_run_20261005T130920538
category_daily,baseline_moving_avg,7,CAT05,4.0362,5.8645,0.5488,-0.0196,,288,demand_forecast_run_20261005T130920538
category_daily,baseline_moving_avg,7,CAT06,2.1027,2.5826,0.7824,0.1434,,288,demand_forecast_run_20261005T130920538
category_daily,baseline_moving_avg,7,CAT07,1.8894,2.4262,0.7246,0.0181,,288,demand_forecast_run_20261005T130920538
category_daily,baseline_moving_avg,7,CAT08,1.8353,2.3469,0.7301,-0.0391,,288,demand_forecast_run_20261005T130920538
category_daily,baseline_moving_avg,7,CAT09,1.8274,2.7696,0.8585,0.1175,,288,demand_forecast_run_20261005T130920538
category_daily,baseline_moving_avg,7,CAT10,2.6086,3.5213,0.7558,-0.0631,,288,demand_forecast_run_20261005T130920538
category_daily,baseline_moving_avg,7,CAT11,2.8571,4.1603,0.573,-0.0283,,288,demand_forecast_run_20261005T130920538
category_daily,baseline_moving_avg,7,CAT12,2.0094,2.5986,0.8117,0.1268,,288,demand_forecast_run_20261005T130920538
category_daily,baseline_moving_avg,7,CAT13,2.5853,3.2237,0.7084,0.0307,,288,demand_forecast_run_20261005T130920538
category_daily,baseline_moving_avg,7,CAT14,2.5213,3.3479,0.7791,0.0213,,288,demand_forecast_run_20261005T130920538
category_daily,baseline_moving_avg,7,CAT15,2.4831,3.3335,0.7209,-0.049,,288,demand_forecast_run_20261005T130920538
category_daily,baseline_moving_avg,7,CAT16,1.3676,1.8391,0.9311,-0.053,,288,demand_forecast_run_20261005T130920538
category_daily,baseline_moving_avg,7,CAT17,1.7138,2.2688,0.7935,-0.0218,,288,demand_forecast_run_20261005T130920538
category_daily,baseline_moving_avg,7,CAT18,1.6721,2.1467,0.874,0.0542,,288,demand_forecast_run_20261005T130920538
category_daily,baseline_moving_avg,7,CAT19,2.0253,2.7803,0.8321,0.1343,,288,demand_forecast_run_20261005T130920538
category_daily,baseline_moving_avg,7,CAT20,1.4638,1.9784,0.8621,-0.0441,,288,demand_forecast_run_20261005T130920538
category_daily,baseline_moving_avg,7,all,2.2939,3.2235,0.6941,0.0046,,5760,demand_forecast_run_20261005T130920538
category_daily,baseline_seasonal_naive,0,CAT01,3.1601,4.4456,0.7404,-0.0022,,2268,demand_forecast_run_20261005T130920538
category_daily,baseline_seasonal_naive,0,CAT02,3.2324,4.325,0.7036,-0.0404,,2268,demand_forecast_run_20261005T130920538
category_daily,baseline_seasonal_naive,0,CAT03,3.791,5.0078,0.8314,-0.0072,,2268,demand_forecast_run_20261005T130920538
category_daily,baseline_seasonal_naive,0,CAT04,3.832,5.2152,0.84,-0.0391,,2268,demand_forecast_run_20261005T130920538
category_daily,baseline_seasonal_naive,0,CAT05,4.8593,6.915,0.6749,-0.0089,,2268,demand_forecast_run_20261005T130920538
category_daily,baseline_seasonal_naive,0,CAT06,2.6332,3.5081,0.9488,0.0756,,2268,demand_forecast_run_20261005T130920538
category_daily,baseline_seasonal_naive,0,CAT07,2.4762,3.3467,0.9559,0.0208,,2268,demand_forecast_run_20261005T130920538
category_daily,baseline_seasonal_naive,0,CAT08,2.2866,3.0454,0.9129,-0.0173,,2268,demand_forecast_run_20261005T130920538
category_daily,baseline_seasonal_naive,0,CAT09,2.3739,3.8751,1.0576,0.0483,,2268,demand_forecast_run_20261005T130920538
category_daily,baseline_seasonal_naive,0,CAT10,3.0062,3.9872,0.884,-0.0534,,2268,demand_forecast_run_20261005T130920538
category_daily,baseline_seasonal_naive,0,CAT11,3.8933,5.4829,0.7884,-0.022,,2268,demand_forecast_run_20261005T130920538
category_daily,baseline_seasonal_naive,0,CAT12,2.5886,3.4303,0.9882,0.0547,,2268,demand_forecast_run_20261005T130920538
category_daily,baseline_seasonal_naive,0,CAT13,3.1878,4.1592,0.856,0.0009,,2268,demand_forecast_run_20261005T130920538
category_daily,baseline_seasonal_naive,0,CAT14,2.899,3.8613,0.9071,0.0459,,2268,demand_forecast_run_20261005T130920538
category_daily,baseline_seasonal_naive,0,CAT15,2.9458,4.1556,0.853,-0.0479,,2268,demand_forecast_run_20261005T130920538
category_daily,baseline_seasonal_naive,0,CAT16,1.6737,2.3738,1.1691,-0.045,,2268,demand_forecast_run_20261005T130920538
category_daily,baseline_seasonal_naive,0,CAT17,2.213,2.8882,1.0262,-0.0039,,2268,demand_forecast_run_20261005T130920538
category_daily,baseline_seasonal_naive,0,CAT18,2.149,2.8275,1.1148,0.0371,,2268,demand_forecast_run_20261005T130920538
category_daily,baseline_seasonal_naive,0,CAT19,2.459,3.5206,0.9543,0.0518,,2268,demand_forecast_run_20261005T130920538
category_daily,baseline_seasonal_naive,0,CAT20,1.8699,2.6064,1.114,-0.0223,,2268,demand_forecast_run_20261005T130920538
category_daily,baseline_seasonal_naive,0,all,2.8765,4.091,0.8664,-0.0031,,45360,demand_forecast_run_20261005T130920538
category_daily,baseline_seasonal_naive,1,CAT01,3.2361,4.5944,0.756,-0.0006,,360,demand_forecast_run_20261005T130920538
category_daily,baseline_seasonal_naive,1,CAT02,3.2444,4.3538,0.7066,-0.0508,,360,demand_forecast_run_20261005T130920538
category_daily,baseline_seasonal_naive,1,CAT03,3.8,5.0211,0.8393,0.0086,,360,demand_forecast_run_20261005T130920538
category_daily,baseline_seasonal_naive,1,CAT04,3.8472,5.2559,0.8487,-0.0337,,360,demand_forecast_run_20261005T130920538
category_daily,baseline_seasonal_naive,1,CAT05,4.825,6.825,0.6876,0.0139,,360,demand_forecast_run_20261005T130920538
category_daily,baseline_seasonal_naive,1,CAT06,2.7083,3.6313,0.9644,0.0861,,360,demand_forecast_run_20261005T130920538
category_daily,baseline_seasonal_naive,1,CAT07,2.4611,3.3225,0.9496,0,,360,demand_forecast_run_20261005T130920538
category_daily,baseline_seasonal_naive,1,CAT08,2.2917,3.0464,0.9291,0.0011,,360,demand_forecast_run_20261005T130920538
category_daily,baseline_seasonal_naive,1,CAT09,2.3917,3.8575,1.0449,0.0498,,360,demand_forecast_run_20261005T130920538
category_daily,baseline_seasonal_naive,1,CAT10,3.0139,3.9829,0.9079,-0.0377,,360,demand_forecast_run_20261005T130920538
category_daily,baseline_seasonal_naive,1,CAT11,3.8667,5.4232,0.7864,-0.026,,360,demand_forecast_run_20261005T130920538
category_daily,baseline_seasonal_naive,1,CAT12,2.5917,3.4242,0.9648,0.0176,,360,demand_forecast_run_20261005T130920538
category_daily,baseline_seasonal_naive,1,CAT13,3.1611,4.1553,0.8634,0.0076,,360,demand_forecast_run_20261005T130920538
category_daily,baseline_seasonal_naive,1,CAT14,2.8889,3.8246,0.9171,0.0653,,360,demand_forecast_run_20261005T130920538
category_daily,baseline_seasonal_naive,1,CAT15,2.9139,4.153,0.8612,-0.0386,,360,demand_forecast_run_20261005T130920538
category_daily,baseline_seasonal_naive,1,CAT16,1.6667,2.3641,1.1811,-0.0433,,360,demand_forecast_run_20261005T130920538
category_daily,baseline_seasonal_naive,1,CAT17,2.2194,2.8892,1.0296,-0.0142,,360,demand_forecast_run_20261005T130920538
category_daily,baseline_seasonal_naive,1,CAT18,2.1583,2.8319,1.1116,0.0529,,360,demand_forecast_run_20261005T130920538
category_daily,baseline_seasonal_naive,1,CAT19,2.4944,3.5684,0.9248,-0.0268,,360,demand_forecast_run_20261005T130920538
category_daily,baseline_seasonal_naive,1,CAT20,1.8889,2.6268,1.1467,-0.0135,,360,demand_forecast_run_20261005T130920538
category_daily,baseline_seasonal_naive,1,all,2.8835,4.0963,0.8728,-0.0012,,7200,demand_forecast_run_20261005T130920538
category_daily,baseline_seasonal_naive,2,CAT01,3.1954,4.4862,0.7394,-0.0253,,348,demand_forecast_run_20261005T130920538
category_daily,baseline_seasonal_naive,2,CAT02,3.2557,4.3776,0.6994,-0.0636,,348,demand_forecast_run_20261005T130920538
category_daily,baseline_seasonal_naive,2,CAT03,3.796,5.0152,0.8419,0.0083,,348,demand_forecast_run_20261005T130920538
category_daily,baseline_seasonal_naive,2,CAT04,3.8477,5.2618,0.8507,-0.0286,,348,demand_forecast_run_20261005T130920538
category_daily,baseline_seasonal_naive,2,CAT05,4.8621,6.8552,0.6878,0.0081,,348,demand_forecast_run_20261005T130920538
category_daily,baseline_seasonal_naive,2,CAT06,2.7011,3.6373,0.9691,0.0948,,348,demand_forecast_run_20261005T130920538
category_daily,baseline_seasonal_naive,2,CAT07,2.4569,3.3231,0.9468,0.0055,,348,demand_forecast_run_20261005T130920538
category_daily,baseline_seasonal_naive,2,CAT08,2.2874,3.0485,0.9202,-0.0092,,348,demand_forecast_run_20261005T130920538
category_daily,baseline_seasonal_naive,2,CAT09,2.3879,3.8667,1.0285,0.021,,348,demand_forecast_run_20261005T130920538
category_daily,baseline_seasonal_naive,2,CAT10,2.9943,3.9675,0.8975,-0.0448,,348,demand_forecast_run_20261005T130920538
category_daily,baseline_seasonal_naive,2,CAT11,3.8506,5.3926,0.7878,-0.0106,,348,demand_forecast_run_20261005T130920538
category_daily,baseline_seasonal_naive,2,CAT12,2.6149,3.4575,0.9764,0.0279,,348,demand_forecast_run_20261005T130920538
category_daily,baseline_seasonal_naive,2,CAT13,3.1667,4.1668,0.8623,0.0125,,348,demand_forecast_run_20261005T130920538
category_daily,baseline_seasonal_naive,2,CAT14,2.908,3.8507,0.9208,0.0637,,348,demand_forecast_run_20261005T130920538
category_daily,baseline_seasonal_naive,2,CAT15,2.9195,4.1433,0.8574,-0.0388,,348,demand_forecast_run_20261005T130920538
category_daily,baseline_seasonal_naive,2,CAT16,1.6523,2.3532,1.1831,-0.0267,,348,demand_forecast_run_20261005T130920538
category_daily,baseline_seasonal_naive,2,CAT17,2.1954,2.8648,1.0269,0.0027,,348,demand_forecast_run_20261005T130920538
category_daily,baseline_seasonal_naive,2,CAT18,2.1782,2.8567,1.1297,0.0686,,348,demand_forecast_run_20261005T130920538
category_daily,baseline_seasonal_naive,2,CAT19,2.4828,3.5274,0.9361,0.0043,,348,demand_forecast_run_20261005T130920538
category_daily,baseline_seasonal_naive,2,CAT20,1.8477,2.5792,1.1281,-0.0158,,348,demand_forecast_run_20261005T130920538
category_daily,baseline_seasonal_naive,2,all,2.88,4.0913,0.8707,-0.0009,,6960,demand_forecast_run_20261005T130920538
category_daily,baseline_seasonal_naive,3,CAT01,3.1071,4.3562,0.7337,0.0056,,336,demand_forecast_run_20261005T130920538
category_daily,baseline_seasonal_naive,3,CAT02,3.1815,4.2549,0.6955,-0.0397,,336,demand_forecast_run_20261005T130920538
category_daily,baseline_seasonal_naive,3,CAT03,3.7857,5.003,0.8341,0.0013,,336,demand_forecast_run_20261005T130920538
category_daily,baseline_seasonal_naive,3,CAT04,3.8423,5.2822,0.8471,-0.0217,,336,demand_forecast_run_20261005T130920538
category_daily,baseline_seasonal_naive,3,CAT05,4.8631,6.8812,0.684,0.0075,,336,demand_forecast_run_20261005T130920538
category_daily,baseline_seasonal_naive,3,CAT06,2.6518,3.5786,0.9601,0.1067,,336,demand_forecast_run_20261005T130920538
category_daily,baseline_seasonal_naive,3,CAT07,2.4792,3.3483,0.952,0.0149,,336,demand_forecast_run_20261005T130920538
category_daily,baseline_seasonal_naive,3,CAT08,2.2857,3.0404,0.9187,-0.0167,,336,demand_forecast_run_20261005T130920538
category_daily,baseline_seasonal_naive,3,CAT09,2.4018,3.9047,1.0386,0.027,,336,demand_forecast_run_20261005T130920538
category_daily,baseline_seasonal_naive,3,CAT10,3.003,3.9795,0.8906,-0.0521,,336,demand_forecast_run_20261005T130920538
category_daily,baseline_seasonal_naive,3,CAT11,3.8929,5.444,0.7942,-0.0049,,336,demand_forecast_run_20261005T130920538
category_daily,baseline_seasonal_naive,3,CAT12,2.5982,3.4499,0.9809,0.0416,,336,demand_forecast_run_20261005T130920538
category_daily,baseline_seasonal_naive,3,CAT13,3.2143,4.2215,0.871,0.0226,,336,demand_forecast_run_20261005T130920538
category_daily,baseline_seasonal_naive,3,CAT14,2.881,3.832,0.9149,0.0605,,336,demand_forecast_run_20261005T130920538
category_daily,baseline_seasonal_naive,3,CAT15,2.9583,4.1812,0.8651,-0.04,,336,demand_forecast_run_20261005T130920538
category_daily,baseline_seasonal_naive,3,CAT16,1.6637,2.3648,1.1744,-0.0399,,336,demand_forecast_run_20261005T130920538
category_daily,baseline_seasonal_naive,3,CAT17,2.2024,2.8723,1.0207,-0.0083,,336,demand_forecast_run_20261005T130920538
category_daily,baseline_seasonal_naive,3,CAT18,2.1488,2.8295,1.1281,0.0719,,336,demand_forecast_run_20261005T130920538
category_daily,baseline_seasonal_naive,3,CAT19,2.4524,3.4906,0.9417,0.0434,,336,demand_forecast_run_20261005T130920538
category_daily,baseline_seasonal_naive,3,CAT20,1.8512,2.5981,1.1227,-0.0108,,336,demand_forecast_run_20261005T130920538
category_daily,baseline_seasonal_naive,3,all,2.8732,4.0867,0.8697,0.0055,,6720,demand_forecast_run_20261005T130920538
category_daily,baseline_seasonal_naive,4,CAT01,3.1481,4.4068,0.7349,0,,324,demand_forecast_run_20261005T130920538
category_daily,baseline_seasonal_naive,4,CAT02,3.2531,4.3226,0.7083,-0.0403,,324,demand_forecast_run_20261005T130920538
category_daily,baseline_seasonal_naive,4,CAT03,3.7747,4.9774,0.8214,-0.0087,,324,demand_forecast_run_20261005T130920538
category_daily,baseline_seasonal_naive,4,CAT04,3.8025,5.1322,0.828,-0.0417,,324,demand_forecast_run_20261005T130920538
category_daily,baseline_seasonal_naive,4,CAT05,4.8395,6.8907,0.6704,-0.006,,324,demand_forecast_run_20261005T130920538
category_daily,baseline_seasonal_naive,4,CAT06,2.6574,3.5516,0.9545,0.1009,,324,demand_forecast_run_20261005T130920538
category_daily,baseline_seasonal_naive,4,CAT07,2.4784,3.355,0.9651,0.0373,,324,demand_forecast_run_20261005T130920538
category_daily,baseline_seasonal_naive,4,CAT08,2.3025,3.0601,0.9165,-0.027,,324,demand_forecast_run_20261005T130920538
category_daily,baseline_seasonal_naive,4,CAT09,2.392,3.8869,1.066,0.0509,,324,demand_forecast_run_20261005T130920538
category_daily,baseline_seasonal_naive,4,CAT10,2.9938,3.9698,0.8802,-0.0454,,324,demand_forecast_run_20261005T130920538
category_daily,baseline_seasonal_naive,4,CAT11,3.9167,5.4921,0.7936,-0.0106,,324,demand_forecast_run_20261005T130920538
category_daily,baseline_seasonal_naive,4,CAT12,2.6327,3.4938,0.9965,0.0502,,324,demand_forecast_run_20261005T130920538
category_daily,baseline_seasonal_naive,4,CAT13,3.2315,4.2292,0.8603,0.0041,,324,demand_forecast_run_20261005T130920538
category_daily,baseline_seasonal_naive,4,CAT14,2.892,3.851,0.9071,0.0474,,324,demand_forecast_run_20261005T130920538
category_daily,baseline_seasonal_naive,4,CAT15,2.9383,4.1336,0.847,-0.0552,,324,demand_forecast_run_20261005T130920538
category_daily,baseline_seasonal_naive,4,CAT16,1.6883,2.3941,1.1638,-0.0532,,324,demand_forecast_run_20261005T130920538
category_daily,baseline_seasonal_naive,4,CAT17,2.2222,2.9006,1.0286,0.0029,,324,demand_forecast_run_20261005T130920538
category_daily,baseline_seasonal_naive,4,CAT18,2.1605,2.8447,1.1182,0.0575,,324,demand_forecast_run_20261005T130920538
category_daily,baseline_seasonal_naive,4,CAT19,2.4691,3.5242,0.9558,0.0621,,324,demand_forecast_run_20261005T130920538
category_daily,baseline_seasonal_naive,4,CAT20,1.8673,2.6147,1.098,-0.0381,,324,demand_forecast_run_20261005T130920538
category_daily,baseline_seasonal_naive,4,all,2.883,4.0894,0.8656,0,,6480,demand_forecast_run_20261005T130920538
category_daily,baseline_seasonal_naive,5,CAT01,3.1635,4.4365,0.7327,-0.0067,,312,demand_forecast_run_20261005T130920538
category_daily,baseline_seasonal_naive,5,CAT02,3.2179,4.287,0.7065,-0.0253,,312,demand_forecast_run_20261005T130920538
category_daily,baseline_seasonal_naive,5,CAT03,3.7756,4.9839,0.8147,-0.029,,312,demand_forecast_run_20261005T130920538
category_daily,baseline_seasonal_naive,5,CAT04,3.8173,5.1599,0.8282,-0.0508,,312,demand_forecast_run_20261005T130920538
category_daily,baseline_seasonal_naive,5,CAT05,4.8782,6.9568,0.6675,-0.0228,,312,demand_forecast_run_20261005T130920538
category_daily,baseline_seasonal_naive,5,CAT06,2.5673,3.3717,0.9144,0.0514,,312,demand_forecast_run_20261005T130920538
category_daily,baseline_seasonal_naive,5,CAT07,2.5032,3.3869,0.9738,0.0461,,312,demand_forecast_run_20261005T130920538
category_daily,baseline_seasonal_naive,5,CAT08,2.2821,3.0403,0.8967,-0.0302,,312,demand_forecast_run_20261005T130920538
category_daily,baseline_seasonal_naive,5,CAT09,2.3558,3.8443,1.0637,0.0535,,312,demand_forecast_run_20261005T130920538
category_daily,baseline_seasonal_naive,5,CAT10,2.9904,3.9803,0.8679,-0.0549,,312,demand_forecast_run_20261005T130920538
category_daily,baseline_seasonal_naive,5,CAT11,3.9038,5.5134,0.7863,-0.0297,,312,demand_forecast_run_20261005T130920538
category_daily,baseline_seasonal_naive,5,CAT12,2.5994,3.4376,1,0.0752,,312,demand_forecast_run_20261005T130920538
category_daily,baseline_seasonal_naive,5,CAT13,3.2147,4.1676,0.8421,-0.016,,312,demand_forecast_run_20261005T130920538
category_daily,baseline_seasonal_naive,5,CAT14,2.9167,3.8879,0.9037,0.0377,,312,demand_forecast_run_20261005T130920538
category_daily,baseline_seasonal_naive,5,CAT15,2.9776,4.189,0.85,-0.054,,312,demand_forecast_run_20261005T130920538
category_daily,baseline_seasonal_naive,5,CAT16,1.6859,2.3912,1.1741,-0.0312,,312,demand_forecast_run_20261005T130920538
category_daily,baseline_seasonal_naive,5,CAT17,2.2179,2.8989,1.0222,0.0118,,312,demand_forecast_run_20261005T130920538
category_daily,baseline_seasonal_naive,5,CAT18,2.1603,2.8465,1.114,0.0264,,312,demand_forecast_run_20261005T130920538
category_daily,baseline_seasonal_naive,5,CAT19,2.4583,3.5215,0.9648,0.0843,,312,demand_forecast_run_20261005T130920538
category_daily,baseline_seasonal_naive,5,CAT20,1.8942,2.6464,1.1006,-0.0317,,312,demand_forecast_run_20261005T130920538
category_daily,baseline_seasonal_naive,5,all,2.879,4.0896,0.8603,-0.0068,,6240,demand_forecast_run_20261005T130920538
category_daily,baseline_seasonal_naive,6,CAT01,3.1133,4.3803,0.7337,0,,300,demand_forecast_run_20261005T130920538
category_daily,baseline_seasonal_naive,6,CAT02,3.22,4.3143,0.7005,-0.0305,,300,demand_forecast_run_20261005T130920538
category_daily,baseline_seasonal_naive,6,CAT03,3.7967,5.0196,0.8308,-0.0182,,300,demand_forecast_run_20261005T130920538
category_daily,baseline_seasonal_naive,6,CAT04,3.8533,5.2141,0.8395,-0.0479,,300,demand_forecast_run_20261005T130920538
category_daily,baseline_seasonal_naive,6,CAT05,4.87,6.9764,0.659,-0.0329,,300,demand_forecast_run_20261005T130920538
category_daily,baseline_seasonal_naive,6,CAT06,2.5867,3.4059,0.9316,0.0504,,300,demand_forecast_run_20261005T130920538
category_daily,baseline_seasonal_naive,6,CAT07,2.51,3.3897,0.9666,0.0424,,300,demand_forecast_run_20261005T130920538
category_daily,baseline_seasonal_naive,6,CAT08,2.28,3.043,0.9,-0.0263,,300,demand_forecast_run_20261005T130920538
category_daily,baseline_seasonal_naive,6,CAT09,2.35,3.8751,1.0829,0.0783,,300,demand_forecast_run_20261005T130920538
category_daily,baseline_seasonal_naive,6,CAT10,3.0433,4.0295,0.867,-0.0598,,300,demand_forecast_run_20261005T130920538
category_daily,baseline_seasonal_naive,6,CAT11,3.9233,5.5639,0.7857,-0.03,,300,demand_forecast_run_20261005T130920538
category_daily,baseline_seasonal_naive,6,CAT12,2.5667,3.4059,0.9974,0.0725,,300,demand_forecast_run_20261005T130920538
category_daily,baseline_seasonal_naive,6,CAT13,3.2333,4.1873,0.8427,-0.0122,,300,demand_forecast_run_20261005T130920538
category_daily,baseline_seasonal_naive,6,CAT14,2.9133,3.8962,0.8873,0.0183,,300,demand_forecast_run_20261005T130920538
category_daily,baseline_seasonal_naive,6,CAT15,3.0167,4.2391,0.845,-0.0532,,300,demand_forecast_run_20261005T130920538
category_daily,baseline_seasonal_naive,6,CAT16,1.6967,2.4076,1.1674,-0.0344,,300,demand_forecast_run_20261005T130920538
category_daily,baseline_seasonal_naive,6,CAT17,2.2233,2.9023,1.0309,-0.0046,,300,demand_forecast_run_20261005T130920538
category_daily,baseline_seasonal_naive,6,CAT18,2.1233,2.803,1.0983,0.0017,,300,demand_forecast_run_20261005T130920538
category_daily,baseline_seasonal_naive,6,CAT19,2.43,3.5,0.9825,0.1119,,300,demand_forecast_run_20261005T130920538
category_daily,baseline_seasonal_naive,6,CAT20,1.9133,2.6733,1.1189,-0.0039,,300,demand_forecast_run_20261005T130920538
category_daily,baseline_seasonal_naive,6,all,2.8832,4.1059,0.8612,-0.007,,6000,demand_forecast_run_20261005T130920538
category_daily,baseline_seasonal_naive,7,CAT01,3.1424,4.4312,0.7517,0.0158,,288,demand_forecast_run_20261005T130920538
category_daily,baseline_seasonal_naive,7,CAT02,3.2535,4.3609,0.7088,-0.0265,,288,demand_forecast_run_20261005T130920538
category_daily,baseline_seasonal_naive,7,CAT03,3.809,5.0349,0.8361,-0.0175,,288,demand_forecast_run_20261005T130920538
category_daily,baseline_seasonal_naive,7,CAT04,3.809,5.1818,0.8349,-0.054,,288,demand_forecast_run_20261005T130920538
category_daily,baseline_seasonal_naive,7,CAT05,4.8854,7.0546,0.6643,-0.0373,,288,demand_forecast_run_20261005T130920538
category_daily,baseline_seasonal_naive,7,CAT06,2.5278,3.304,0.9406,0.0258,,288,demand_forecast_run_20261005T130920538
category_daily,baseline_seasonal_naive,7,CAT07,2.4479,3.3046,0.9387,0.004,,288,demand_forecast_run_20261005T130920538
category_daily,baseline_seasonal_naive,7,CAT08,2.2743,3.0374,0.9047,-0.0152,,288,demand_forecast_run_20261005T130920538
category_daily,baseline_seasonal_naive,7,CAT09,2.3264,3.8927,1.093,0.0685,,288,demand_forecast_run_20261005T130920538
category_daily,baseline_seasonal_naive,7,CAT10,3.0069,4.0078,0.8712,-0.0845,,288,demand_forecast_run_20261005T130920538
category_daily,baseline_seasonal_naive,7,CAT11,3.9097,5.5815,0.7841,-0.046,,288,demand_forecast_run_20261005T130920538
category_daily,baseline_seasonal_naive,7,CAT12,2.5035,3.3255,1.0112,0.1192,,288,demand_forecast_run_20261005T130920538
category_daily,baseline_seasonal_naive,7,CAT13,3.0903,3.959,0.8468,-0.0171,,288,demand_forecast_run_20261005T130920538
category_daily,baseline_seasonal_naive,7,CAT14,2.8958,3.8998,0.8948,0.0215,,288,demand_forecast_run_20261005T130920538
category_daily,baseline_seasonal_naive,7,CAT15,2.9028,4.0432,0.8427,-0.0585,,288,demand_forecast_run_20261005T130920538
category_daily,baseline_seasonal_naive,7,CAT16,1.6667,2.3437,1.1348,-0.0898,,288,demand_forecast_run_20261005T130920538
category_daily,baseline_seasonal_naive,7,CAT17,2.2118,2.8934,1.0241,-0.0177,,288,demand_forecast_run_20261005T130920538
category_daily,baseline_seasonal_naive,7,CAT18,2.1042,2.7689,1.0998,-0.0363,,288,demand_forecast_run_20261005T130920538
category_daily,baseline_seasonal_naive,7,CAT19,2.4132,3.5035,0.9914,0.1213,,288,demand_forecast_run_20261005T130920538
category_daily,baseline_seasonal_naive,7,CAT20,1.8264,2.4972,1.0757,-0.045,,288,demand_forecast_run_20261005T130920538
category_daily,baseline_seasonal_naive,7,all,2.8503,4.0767,0.8625,-0.0138,,5760,demand_forecast_run_20261005T130920538
category_daily,model,0,CAT01,2.3974,3.4089,0.5617,-0.0392,0.858,2268,demand_forecast_run_20261005T130920538
category_daily,model,0,CAT02,2.2721,3.1011,0.4945,-0.0465,0.8563,2268,demand_forecast_run_20261005T130920538
category_daily,model,0,CAT03,2.6222,3.4084,0.5751,-0.0572,0.8214,2268,demand_forecast_run_20261005T130920538
category_daily,model,0,CAT04,2.6546,3.7217,0.5819,-0.0951,0.8474,2268,demand_forecast_run_20261005T130920538
category_daily,model,0,CAT05,3.3761,5.0506,0.4689,-0.165,0.8192,2268,demand_forecast_run_20261005T130920538
category_daily,model,0,CAT06,1.8453,2.3477,0.6649,-0.0714,0.881,2268,demand_forecast_run_20261005T130920538
category_daily,model,0,CAT07,1.6779,2.2172,0.6478,-0.0941,0.8532,2268,demand_forecast_run_20261005T130920538
category_daily,model,0,CAT08,1.6999,2.2032,0.6786,-0.1048,0.8765,2268,demand_forecast_run_20261005T130920538
category_daily,model,0,CAT09,1.6895,2.6345,0.7527,0.0343,0.918,2268,demand_forecast_run_20261005T130920538
category_daily,model,0,CAT10,2.3492,3.1393,0.6908,0.0351,0.8862,2268,demand_forecast_run_20261005T130920538
category_daily,model,0,CAT11,2.5283,3.6951,0.512,-0.1092,0.847,2268,demand_forecast_run_20261005T130920538
category_daily,model,0,CAT12,1.7422,2.3956,0.6651,-0.0925,0.8818,2268,demand_forecast_run_20261005T130920538
category_daily,model,0,CAT13,2.317,2.8942,0.6222,-0.0497,0.8536,2268,demand_forecast_run_20261005T130920538
category_daily,model,0,CAT14,2.2135,2.9351,0.6926,0.0096,0.8629,2268,demand_forecast_run_20261005T130920538
category_daily,model,0,CAT15,2.159,3.0473,0.6252,-0.0814,0.8633,2268,demand_forecast_run_20261005T130920538
category_daily,model,0,CAT16,1.3275,1.7758,0.9273,-0.0533,0.8871,2268,demand_forecast_run_20261005T130920538
category_daily,model,0,CAT17,1.563,2.1105,0.7248,-0.1008,0.8818,2268,demand_forecast_run_20261005T130920538
category_daily,model,0,CAT18,1.5238,1.9243,0.7905,0.0073,0.8973,2268,demand_forecast_run_20261005T130920538
category_daily,model,0,CAT19,1.7831,2.5929,0.692,-0.1158,0.8624,2268,demand_forecast_run_20261005T130920538
category_daily,model,0,CAT20,1.3765,1.8079,0.8201,-0.0713,0.8713,2268,demand_forecast_run_20261005T130920538
category_daily,model,0,all,2.0559,2.9263,0.6192,-0.0706,0.8663,45360,demand_forecast_run_20261005T130920538
category_daily,model,1,CAT01,2.3938,3.4471,0.5592,-0.0618,0.8417,360,demand_forecast_run_20261005T130920538
category_daily,model,1,CAT02,2.2525,3.081,0.4906,-0.0487,0.8472,360,demand_forecast_run_20261005T130920538
category_daily,model,1,CAT03,2.5797,3.3726,0.5698,-0.0536,0.825,360,demand_forecast_run_20261005T130920538
category_daily,model,1,CAT04,2.6366,3.6704,0.5816,-0.0927,0.8472,360,demand_forecast_run_20261005T130920538
category_daily,model,1,CAT05,3.2819,4.8894,0.4677,-0.1426,0.8417,360,demand_forecast_run_20261005T130920538
category_daily,model,1,CAT06,1.8535,2.3591,0.66,-0.0568,0.8806,360,demand_forecast_run_20261005T130920538
category_daily,model,1,CAT07,1.7003,2.2439,0.656,-0.0941,0.85,360,demand_forecast_run_20261005T130920538
category_daily,model,1,CAT08,1.7031,2.1824,0.6905,-0.0982,0.8778,360,demand_forecast_run_20261005T130920538
category_daily,model,1,CAT09,1.7276,2.7066,0.7548,0.0081,0.9111,360,demand_forecast_run_20261005T130920538
category_daily,model,1,CAT10,2.3499,3.1172,0.7079,0.0415,0.875,360,demand_forecast_run_20261005T130920538
category_daily,model,1,CAT11,2.5468,3.6694,0.518,-0.1109,0.8417,360,demand_forecast_run_20261005T130920538
category_daily,model,1,CAT12,1.7664,2.4113,0.6576,-0.082,0.875,360,demand_forecast_run_20261005T130920538
category_daily,model,1,CAT13,2.2734,2.849,0.621,-0.0557,0.8444,360,demand_forecast_run_20261005T130920538
category_daily,model,1,CAT14,2.1841,2.8655,0.6934,0.0201,0.8694,360,demand_forecast_run_20261005T130920538
category_daily,model,1,CAT15,2.1596,3.0217,0.6383,-0.0709,0.8556,360,demand_forecast_run_20261005T130920538
category_daily,model,1,CAT16,1.3117,1.767,0.9296,-0.0589,0.8722,360,demand_forecast_run_20261005T130920538
category_daily,model,1,CAT17,1.5829,2.1179,0.7343,-0.1024,0.8833,360,demand_forecast_run_20261005T130920538
category_daily,model,1,CAT18,1.5156,1.9221,0.7805,-0.0063,0.8917,360,demand_forecast_run_20261005T130920538
category_daily,model,1,CAT19,1.8499,2.6873,0.6858,-0.1392,0.8556,360,demand_forecast_run_20261005T130920538
category_daily,model,1,CAT20,1.3516,1.7861,0.8205,-0.0757,0.8667,360,demand_forecast_run_20261005T130920538
category_daily,model,1,all,2.051,2.9068,0.6208,-0.0697,0.8626,7200,demand_forecast_run_20261005T130920538
category_daily,model,2,CAT01,2.4417,3.4992,0.565,-0.0663,0.8448,348,demand_forecast_run_20261005T130920538
category_daily,model,2,CAT02,2.268,3.0943,0.4872,-0.06,0.8534,348,demand_forecast_run_20261005T130920538
category_daily,model,2,CAT03,2.5883,3.367,0.5741,-0.0543,0.819,348,demand_forecast_run_20261005T130920538
category_daily,model,2,CAT04,2.623,3.6487,0.5799,-0.0931,0.8477,348,demand_forecast_run_20261005T130920538
category_daily,model,2,CAT05,3.3504,4.9564,0.474,-0.1584,0.8362,348,demand_forecast_run_20261005T130920538
category_daily,model,2,CAT06,1.8866,2.3892,0.6768,-0.0593,0.8736,348,demand_forecast_run_20261005T130920538
category_daily,model,2,CAT07,1.6852,2.231,0.6494,-0.0998,0.8506,348,demand_forecast_run_20261005T130920538
category_daily,model,2,CAT08,1.7026,2.1978,0.685,-0.1115,0.8764,348,demand_forecast_run_20261005T130920538
category_daily,model,2,CAT09,1.7307,2.7301,0.7454,-0.0075,0.9109,348,demand_forecast_run_20261005T130920538
category_daily,model,2,CAT10,2.3258,3.1016,0.6971,0.0377,0.8937,348,demand_forecast_run_20261005T130920538
category_daily,model,2,CAT11,2.5244,3.6529,0.5165,-0.1113,0.8477,348,demand_forecast_run_20261005T130920538
category_daily,model,2,CAT12,1.7613,2.418,0.6576,-0.0979,0.8764,348,demand_forecast_run_20261005T130920538
category_daily,model,2,CAT13,2.2755,2.857,0.6196,-0.0487,0.8563,348,demand_forecast_run_20261005T130920538
category_daily,model,2,CAT14,2.1913,2.8941,0.6939,0.0161,0.8678,348,demand_forecast_run_20261005T130920538
category_daily,model,2,CAT15,2.1533,3.0314,0.6324,-0.0783,0.8678,348,demand_forecast_run_20261005T130920538
category_daily,model,2,CAT16,1.3123,1.756,0.9397,-0.043,0.8879,348,demand_forecast_run_20261005T130920538
category_daily,model,2,CAT17,1.5373,2.0753,0.719,-0.1027,0.8851,348,demand_forecast_run_20261005T130920538
category_daily,model,2,CAT18,1.4908,1.8975,0.7732,-0.004,0.8937,348,demand_forecast_run_20261005T130920538
category_daily,model,2,CAT19,1.793,2.6194,0.676,-0.1316,0.8649,348,demand_forecast_run_20261005T130920538
category_daily,model,2,CAT20,1.3412,1.7661,0.8189,-0.0678,0.8736,348,demand_forecast_run_20261005T130920538
category_daily,model,2,all,2.0491,2.9113,0.6195,-0.074,0.8664,6960,demand_forecast_run_20261005T130920538
category_daily,model,3,CAT01,2.3761,3.4115,0.5611,-0.0463,0.8601,336,demand_forecast_run_20261005T130920538
category_daily,model,3,CAT02,2.2466,3.0609,0.4911,-0.0489,0.8631,336,demand_forecast_run_20261005T130920538
category_daily,model,3,CAT03,2.5958,3.3781,0.5719,-0.0652,0.8155,336,demand_forecast_run_20261005T130920538
category_daily,model,3,CAT04,2.6261,3.6844,0.579,-0.0988,0.8512,336,demand_forecast_run_20261005T130920538
category_daily,model,3,CAT05,3.3521,4.9993,0.4714,-0.1598,0.8274,336,demand_forecast_run_20261005T130920538
category_daily,model,3,CAT06,1.8649,2.3713,0.6752,-0.0647,0.878,336,demand_forecast_run_20261005T130920538
category_daily,model,3,CAT07,1.6709,2.2069,0.6416,-0.1098,0.8482,336,demand_forecast_run_20261005T130920538
category_daily,model,3,CAT08,1.6922,2.1936,0.6801,-0.1121,0.872,336,demand_forecast_run_20261005T130920538
category_daily,model,3,CAT09,1.7403,2.756,0.7525,0.0002,0.9107,336,demand_forecast_run_20261005T130920538
category_daily,model,3,CAT10,2.3412,3.1221,0.6943,0.0381,0.8869,336,demand_forecast_run_20261005T130920538
category_daily,model,3,CAT11,2.5172,3.6636,0.5135,-0.1124,0.8452,336,demand_forecast_run_20261005T130920538
category_daily,model,3,CAT12,1.7549,2.4157,0.6625,-0.0961,0.878,336,demand_forecast_run_20261005T130920538
category_daily,model,3,CAT13,2.3105,2.8966,0.6261,-0.0484,0.8571,336,demand_forecast_run_20261005T130920538
category_daily,model,3,CAT14,2.1658,2.8829,0.6878,0.0194,0.8661,336,demand_forecast_run_20261005T130920538
category_daily,model,3,CAT15,2.1475,3.0129,0.628,-0.0717,0.8631,336,demand_forecast_run_20261005T130920538
category_daily,model,3,CAT16,1.3148,1.7591,0.9281,-0.0498,0.8899,336,demand_forecast_run_20261005T130920538
category_daily,model,3,CAT17,1.5538,2.0942,0.7201,-0.1092,0.8839,336,demand_forecast_run_20261005T130920538
category_daily,model,3,CAT18,1.5001,1.9057,0.7875,0.0101,0.8988,336,demand_forecast_run_20261005T130920538
category_daily,model,3,CAT19,1.7736,2.5938,0.6811,-0.1216,0.8571,336,demand_forecast_run_20261005T130920538
category_daily,model,3,CAT20,1.3494,1.78,0.8184,-0.0709,0.872,336,demand_forecast_run_20261005T130920538
category_daily,model,3,all,2.0447,2.9127,0.6189,-0.0727,0.8662,6720,demand_forecast_run_20261005T130920538
category_daily,model,4,CAT01,2.4018,3.4618,0.5606,-0.0474,0.8611,324,demand_forecast_run_20261005T130920538
category_daily,model,4,CAT02,2.2837,3.1128,0.4972,-0.053,0.8642,324,demand_forecast_run_20261005T130920538
category_daily,model,4,CAT03,2.6214,3.4256,0.5704,-0.0729,0.821,324,demand_forecast_run_20261005T130920538
category_daily,model,4,CAT04,2.6514,3.7298,0.5773,-0.1053,0.8457,324,demand_forecast_run_20261005T130920538
category_daily,model,4,CAT05,3.3786,5.0759,0.468,-0.1654,0.8086,324,demand_forecast_run_20261005T130920538
category_daily,model,4,CAT06,1.8671,2.3762,0.6706,-0.0796,0.8827,324,demand_forecast_run_20261005T130920538
category_daily,model,4,CAT07,1.6617,2.2038,0.6471,-0.098,0.8488,324,demand_forecast_run_20261005T130920538
category_daily,model,4,CAT08,1.6778,2.1873,0.6678,-0.1139,0.8796,324,demand_forecast_run_20261005T130920538
category_daily,model,4,CAT09,1.6822,2.6002,0.7497,0.0378,0.9198,324,demand_forecast_run_20261005T130920538
category_daily,model,4,CAT10,2.35,3.1315,0.6909,0.0409,0.8889,324,demand_forecast_run_20261005T130920538
category_daily,model,4,CAT11,2.5325,3.6911,0.5132,-0.1128,0.8488,324,demand_forecast_run_20261005T130920538
category_daily,model,4,CAT12,1.7738,2.429,0.6714,-0.0992,0.8765,324,demand_forecast_run_20261005T130920538
category_daily,model,4,CAT13,2.3489,2.9371,0.6253,-0.0561,0.8519,324,demand_forecast_run_20261005T130920538
category_daily,model,4,CAT14,2.2054,2.9279,0.6917,0.0104,0.8673,324,demand_forecast_run_20261005T130920538
category_daily,model,4,CAT15,2.1484,3.0465,0.6193,-0.0778,0.8642,324,demand_forecast_run_20261005T130920538
category_daily,model,4,CAT16,1.3374,1.7857,0.9219,-0.0647,0.892,324,demand_forecast_run_20261005T130920538
category_daily,model,4,CAT17,1.5605,2.1122,0.7223,-0.1043,0.8796,324,demand_forecast_run_20261005T130920538
category_daily,model,4,CAT18,1.5306,1.9337,0.7922,0.0036,0.9043,324,demand_forecast_run_20261005T130920538
category_daily,model,4,CAT19,1.7956,2.6106,0.6951,-0.1145,0.8673,324,demand_forecast_run_20261005T130920538
category_daily,model,4,CAT20,1.3648,1.8041,0.8025,-0.0901,0.8735,324,demand_forecast_run_20261005T130920538
category_daily,model,4,all,2.0587,2.936,0.6181,-0.0754,0.8673,6480,demand_forecast_run_20261005T130920538
category_daily,model,5,CAT01,2.4139,3.4955,0.5591,-0.0432,0.8654,312,demand_forecast_run_20261005T130920538
category_daily,model,5,CAT02,2.2709,3.0992,0.4986,-0.0442,0.8558,312,demand_forecast_run_20261005T130920538
category_daily,model,5,CAT03,2.6904,3.4813,0.5805,-0.0756,0.8205,312,demand_forecast_run_20261005T130920538
category_daily,model,5,CAT04,2.6699,3.7784,0.5793,-0.1051,0.8429,312,demand_forecast_run_20261005T130920538
category_daily,model,5,CAT05,3.3998,5.1046,0.4652,-0.1708,0.8109,312,demand_forecast_run_20261005T130920538
category_daily,model,5,CAT06,1.8455,2.347,0.6573,-0.0859,0.8846,312,demand_forecast_run_20261005T130920538
category_daily,model,5,CAT07,1.6739,2.2069,0.6512,-0.0853,0.8526,312,demand_forecast_run_20261005T130920538
category_daily,model,5,CAT08,1.6921,2.2052,0.6649,-0.1132,0.875,312,demand_forecast_run_20261005T130920538
category_daily,model,5,CAT09,1.6521,2.5257,0.746,0.0563,0.9199,312,demand_forecast_run_20261005T130920538
category_daily,model,5,CAT10,2.346,3.1492,0.6809,0.0357,0.8942,312,demand_forecast_run_20261005T130920538
category_daily,model,5,CAT11,2.5335,3.7161,0.5103,-0.1118,0.8494,312,demand_forecast_run_20261005T130920538
category_daily,model,5,CAT12,1.7361,2.3879,0.6679,-0.0891,0.8846,312,demand_forecast_run_20261005T130920538
category_daily,model,5,CAT13,2.3646,2.9605,0.6194,-0.0583,0.8526,312,demand_forecast_run_20261005T130920538
category_daily,model,5,CAT14,2.2201,2.9551,0.6878,0.0003,0.8622,312,demand_forecast_run_20261005T130920538
category_daily,model,5,CAT15,2.1641,3.0737,0.6178,-0.0814,0.8686,312,demand_forecast_run_20261005T130920538
category_daily,model,5,CAT16,1.3352,1.7783,0.9299,-0.0437,0.8942,312,demand_forecast_run_20261005T130920538
category_daily,model,5,CAT17,1.5767,2.1364,0.7266,-0.1007,0.8814,312,demand_forecast_run_20261005T130920538
category_daily,model,5,CAT18,1.5487,1.948,0.7986,0.0092,0.8974,312,demand_forecast_run_20261005T130920538
category_daily,model,5,CAT19,1.7835,2.5629,0.6999,-0.1029,0.8622,312,demand_forecast_run_20261005T130920538
category_daily,model,5,CAT20,1.3934,1.8314,0.8096,-0.0846,0.8686,312,demand_forecast_run_20261005T130920538
category_daily,model,5,all,2.0655,2.9471,0.6172,-0.0737,0.8671,6240,demand_forecast_run_20261005T130920538
category_daily,model,6,CAT01,2.3577,3.2689,0.5556,-0.0151,0.87,300,demand_forecast_run_20261005T130920538
category_daily,model,6,CAT02,2.2806,3.1122,0.4961,-0.0387,0.8567,300,demand_forecast_run_20261005T130920538
category_daily,model,6,CAT03,2.6484,3.4222,0.5795,-0.051,0.8233,300,demand_forecast_run_20261005T130920538
category_daily,model,6,CAT04,2.6922,3.783,0.5865,-0.0937,0.8467,300,demand_forecast_run_20261005T130920538
category_daily,model,6,CAT05,3.4305,5.1557,0.4642,-0.1811,0.8067,300,demand_forecast_run_20261005T130920538
category_daily,model,6,CAT06,1.8053,2.3126,0.6502,-0.0842,0.88,300,demand_forecast_run_20261005T130920538
category_daily,model,6,CAT07,1.678,2.2137,0.6462,-0.088,0.8567,300,demand_forecast_run_20261005T130920538
category_daily,model,6,CAT08,1.7256,2.2428,0.6812,-0.1022,0.87,300,demand_forecast_run_20261005T130920538
category_daily,model,6,CAT09,1.6468,2.5346,0.7589,0.0759,0.9267,300,demand_forecast_run_20261005T130920538
category_daily,model,6,CAT10,2.3743,3.1806,0.6764,0.0256,0.8867,300,demand_forecast_run_20261005T130920538
category_daily,model,6,CAT11,2.5129,3.724,0.5033,-0.1097,0.8533,300,demand_forecast_run_20261005T130920538
category_daily,model,6,CAT12,1.7206,2.3763,0.6686,-0.0999,0.89,300,demand_forecast_run_20261005T130920538
category_daily,model,6,CAT13,2.397,2.987,0.6248,-0.0563,0.8467,300,demand_forecast_run_20261005T130920538
category_daily,model,6,CAT14,2.2668,3.0075,0.6904,-0.003,0.85,300,demand_forecast_run_20261005T130920538
category_daily,model,6,CAT15,2.1898,3.1212,0.6134,-0.1006,0.86,300,demand_forecast_run_20261005T130920538
category_daily,model,6,CAT16,1.342,1.789,0.9234,-0.049,0.89,300,demand_forecast_run_20261005T130920538
category_daily,model,6,CAT17,1.5547,2.1099,0.7209,-0.0949,0.8767,300,demand_forecast_run_20261005T130920538
category_daily,model,6,CAT18,1.5368,1.9319,0.7949,0.0181,0.8933,300,demand_forecast_run_20261005T130920538
category_daily,model,6,CAT19,1.74,2.5223,0.7035,-0.0887,0.8633,300,demand_forecast_run_20261005T130920538
category_daily,model,6,CAT20,1.4149,1.8499,0.8274,-0.0651,0.87,300,demand_forecast_run_20261005T130920538
category_daily,model,6,all,2.0657,2.9427,0.617,-0.0698,0.8658,6000,demand_forecast_run_20261005T130920538
category_daily,model,7,CAT01,2.3914,3.2304,0.572,0.0205,0.8681,288,demand_forecast_run_20261005T130920538
category_daily,model,7,CAT02,2.3105,3.158,0.5033,-0.0276,0.8542,288,demand_forecast_run_20261005T130920538
category_daily,model,7,CAT03,2.6469,3.424,0.581,-0.0241,0.8264,288,demand_forecast_run_20261005T130920538
category_daily,model,7,CAT04,2.6968,3.7798,0.5911,-0.0754,0.8507,288,demand_forecast_run_20261005T130920538
category_daily,model,7,CAT05,3.4677,5.2204,0.4715,-0.1819,0.7951,288,demand_forecast_run_20261005T130920538
category_daily,model,7,CAT06,1.7792,2.2583,0.662,-0.0739,0.8889,288,demand_forecast_run_20261005T130920538
category_daily,model,7,CAT07,1.6721,2.2085,0.6412,-0.0803,0.8681,288,demand_forecast_run_20261005T130920538
category_daily,model,7,CAT08,1.7081,2.2212,0.6795,-0.0795,0.8854,288,demand_forecast_run_20261005T130920538
category_daily,model,7,CAT09,1.6263,2.5345,0.764,0.0944,0.9306,288,demand_forecast_run_20261005T130920538
category_daily,model,7,CAT10,2.3622,3.1867,0.6844,0.0236,0.8785,288,demand_forecast_run_20261005T130920538
category_daily,model,7,CAT11,2.5286,3.765,0.5071,-0.0934,0.8438,288,demand_forecast_run_20261005T130920538
category_daily,model,7,CAT12,1.6677,2.3145,0.6736,-0.0828,0.8958,288,demand_forecast_run_20261005T130920538
category_daily,model,7,CAT13,2.2586,2.77,0.6189,-0.0207,0.8681,288,demand_forecast_run_20261005T130920538
category_daily,model,7,CAT14,2.2796,3.0387,0.7044,-0,0.8542,288,demand_forecast_run_20261005T130920538
category_daily,model,7,CAT15,2.1528,3.0325,0.625,-0.0927,0.8646,288,demand_forecast_run_20261005T130920538
category_daily,model,7,CAT16,1.3461,1.8022,0.9165,-0.0644,0.8854,288,demand_forecast_run_20261005T130920538
category_daily,model,7,CAT17,1.5771,2.1326,0.7302,-0.0887,0.8819,288,demand_forecast_run_20261005T130920538
category_daily,model,7,CAT18,1.5537,1.9363,0.8121,0.0257,0.9028,288,demand_forecast_run_20261005T130920538
category_daily,model,7,CAT19,1.7289,2.5235,0.7103,-0.1006,0.8681,288,demand_forecast_run_20261005T130920538
category_daily,model,7,CAT20,1.4371,1.851,0.8464,-0.0408,0.875,288,demand_forecast_run_20261005T130920538
category_daily,model,7,all,2.0596,2.9337,0.6232,-0.0571,0.8693,5760,demand_forecast_run_20261005T130920538
sku_daily,baseline_moving_avg,0,all,1.1192,1.6237,0.9488,-0.0003,,56700,demand_forecast_run_20261005T130920538
sku_daily,baseline_moving_avg,1,all,1.1132,1.6067,0.9482,0.0094,,9000,demand_forecast_run_20261005T130920538
sku_daily,baseline_moving_avg,2,all,1.116,1.617,0.9476,0.0038,,8700,demand_forecast_run_20261005T130920538
sku_daily,baseline_moving_avg,3,all,1.1173,1.6185,0.9488,0.0014,,8400,demand_forecast_run_20261005T130920538
sku_daily,baseline_moving_avg,4,all,1.1221,1.6262,0.9477,-0.0045,,8100,demand_forecast_run_20261005T130920538
sku_daily,baseline_moving_avg,5,all,1.1216,1.627,0.9458,-0.0075,,7800,demand_forecast_run_20261005T130920538
sku_daily,baseline_moving_avg,6,all,1.125,1.6371,0.9459,-0.0117,,7500,demand_forecast_run_20261005T130920538
sku_daily,baseline_moving_avg,7,all,1.1211,1.6384,0.9588,0.0054,,7200,demand_forecast_run_20261005T130920538
sku_daily,model,0,all,1.0357,1.518,0.878,-0.0661,0.7955,56700,demand_forecast_run_20261005T130920538
sku_daily,model,1,all,1.0311,1.505,0.8783,-0.0637,0.7929,9000,demand_forecast_run_20261005T130920538
sku_daily,model,2,all,1.0313,1.5101,0.8757,-0.0695,0.7944,8700,demand_forecast_run_20261005T130920538
sku_daily,model,3,all,1.033,1.513,0.8772,-0.0704,0.795,8400,demand_forecast_run_20261005T130920538
sku_daily,model,4,all,1.0382,1.5209,0.8769,-0.0719,0.7957,8100,demand_forecast_run_20261005T130920538
sku_daily,model,5,all,1.0406,1.5268,0.8775,-0.0684,0.7958,7800,demand_forecast_run_20261005T130920538
sku_daily,model,6,all,1.0415,1.5295,0.8757,-0.0663,0.7965,7500,demand_forecast_run_20261005T130920538
sku_daily,model,7,all,1.0354,1.5245,0.8855,-0.0509,0.7993,7200,demand_forecast_run_20261005T130920538
