promotion_id,name,category_id,discount_pct,start_date,end_date,days_active,orders_with_promotion,discount_cost,promo_daily_units,baseline_daily_units,uplift_pct
PR001,Health & Wellness 25% Off - Weekend Bonanza,CAT19,25.00,2025-05-27,2025-06-07,12,117,10690.80,33.25,24.89,33.6
PR002,Bakery 15% Off - Super Value,CAT02,15.00,2025-07-03,2025-07-05,3,3,213.30,70.33,46.82,50.2
PR003,Instant & Frozen Food 20% Off - Mega Savings,CAT09,20.00,2025-08-08,2025-08-20,13,19,354.00,39.54,27.54,43.6
PR004,Personal Care 5% Off - Festive Treat,CAT13,5.00,2025-05-28,2025-05-31,4,30,668.90,58.0,42.33,37.0
PR005,Health & Wellness 30% Off - Flash Deal,CAT19,30.00,2025-09-01,2025-09-10,10,126,15027.20,40.5,24.89,62.7
PR006,Bakery 10% Off - Monsoon Saver,CAT02,10.00,2025-07-11,2025-07-23,13,98,1413.25,64.92,46.82,38.7
PR007,Baby Care 20% Off - Super Value,CAT15,20.00,2025-04-15,2025-04-27,13,211,30411.20,50.23,37.83,32.8
PR008,Instant & Frozen Food 15% Off - Mega Savings,CAT09,15.00,2025-05-12,2025-05-20,9,117,2001.50,37.89,27.54,37.6
PR009,Tea & Coffee 5% Off - Festive Treat,CAT11,5.00,2025-08-15,2025-08-20,6,61,759.40,72.67,53.7,35.3
PR010,Bakery 25% Off - Mega Savings,CAT02,25.00,2025-09-02,2025-09-04,3,38,728.75,66.33,46.82,41.7
PR011,Sweets & Chocolates 20% Off - Super Value,CAT12,20.00,2025-08-31,2025-09-07,8,72,4028.60,42.63,27.46,55.2
PR012,Bakery 10% Off - Super Value,CAT02,10.00,2025-09-14,2025-09-19,6,94,905.10,65.67,46.82,40.3
PR013,Bakery 30% Off - Festive Treat,CAT02,30.00,2025-04-29,2025-05-11,13,246,5942.70,64.38,46.82,37.5
PR014,Bakery 5% Off - Super Value,CAT02,5.00,2025-07-13,2025-07-20,8,1,8.40,65.63,46.82,40.2
PR015,Bakery 25% Off - Flash Deal,CAT02,25.00,2025-07-16,2025-07-26,11,124,3220.00,69.64,46.82,48.7
PR016,Bakery 30% Off - Flash Deal,CAT02,30.00,2025-07-19,2025-07-22,4,84,1753.30,60.25,46.82,28.7
PR018,Tea & Coffee 30% Off - Mega Savings,CAT11,30.00,2025-04-27,2025-04-30,4,53,3506.40,63.75,53.7,18.7
PR019,Fruits 25% Off - Festive Treat,CAT03,25.00,2025-07-08,2025-07-11,4,58,3799.55,62.25,51.44,21.0
PR020,Household Cleaning 15% Off - Flash Deal,CAT14,15.00,2025-09-08,2025-09-12,5,63,2870.85,37.4,34.26,9.2
PR021,Tea & Coffee 5% Off - Mega Savings,CAT11,5.00,2025-08-08,2025-08-19,12,70,847.15,73.58,53.7,37.0
PR022,Tea & Coffee 15% Off - Festive Treat,CAT11,15.00,2025-06-04,2025-06-06,3,58,1657.30,79.0,53.7,47.1
PR023,Bakery 25% Off - Super Value,CAT02,25.00,2025-07-03,2025-07-08,6,133,2608.60,69.17,46.82,47.7
PR024,Beverages 20% Off - Festive Treat,CAT07,20.00,2025-05-29,2025-06-10,13,160,2297.50,38.92,27.71,40.5
PR025,Vegetables 25% Off - Flash Deal,CAT04,25.00,2025-05-26,2025-06-02,8,144,3647.35,67.63,49.63,36.3
PR026,Bakery 10% Off - Monsoon Saver,CAT02,10.00,2025-04-06,2025-04-14,9,40,405.70,62.33,46.82,33.1
PR027,Beverages 25% Off - Monsoon Saver,CAT07,25.00,2025-08-30,2025-09-03,5,73,1188.25,43.8,27.71,58.1
PR028,Household Cleaning 5% Off - Festive Treat,CAT14,5.00,2025-08-19,2025-08-27,9,88,1270.10,48.44,34.26,41.4
PR029,Dairy & Eggs 20% Off - Monsoon Saver,CAT01,20.00,2025-04-23,2025-04-27,5,74,3114.70,69.0,48.96,40.9
PR030,Snacks & Namkeen 30% Off - Monsoon Saver,CAT06,30.00,2025-08-08,2025-08-13,6,84,2495.60,38.33,26.49,44.7
PR031,Bakery 25% Off - Flash Deal,CAT02,25.00,2025-08-09,2025-08-21,13,257,5414.80,63.85,46.82,36.4
PR033,Tea & Coffee 30% Off - Weekend Bonanza,CAT11,30.00,2025-07-21,2025-08-03,14,286,21414.30,75.43,53.7,40.5
PR035,Snacks & Namkeen 5% Off - Super Value,CAT06,5.00,2025-07-18,2025-07-29,12,162,811.05,48.08,26.49,81.5
PR036,Bakery 30% Off - Monsoon Saver,CAT02,30.00,2025-07-19,2025-07-21,3,1,13.20,62.67,46.82,33.9
PR037,Instant & Frozen Food 20% Off - Weekend Bonanza,CAT09,20.00,2025-06-06,2025-06-19,14,181,2855.70,38.43,27.54,39.5
PR038,Pet Care 10% Off - Mega Savings,CAT16,10.00,2025-06-05,2025-06-07,3,13,363.20,22.33,16.13,38.4
PR039,Snacks & Namkeen 20% Off - Festive Treat,CAT06,20.00,2025-08-12,2025-08-17,6,40,801.05,35.5,26.49,34.0
PR040,Bakery 5% Off - Monsoon Saver,CAT02,5.00,2025-05-05,2025-05-10,6,2,25.35,65.17,46.82,39.2
PR041,Tea & Coffee 20% Off - Flash Deal,CAT11,20.00,2025-06-11,2025-06-15,5,86,2949.75,67.2,53.7,25.1
PR042,Household Cleaning 30% Off - Super Value,CAT14,30.00,2025-09-02,2025-09-04,3,35,2755.20,30.67,34.26,-10.5
PR043,Meat & Seafood 5% Off - Super Value,CAT18,5.00,2025-04-26,2025-05-04,9,86,1902.35,33.67,23.09,45.8
PR044,Beverages 15% Off - Mega Savings,CAT07,15.00,2025-08-16,2025-08-18,3,26,432.45,41.33,27.71,49.2
PR045,Breakfast & Cereals 10% Off - Mega Savings,CAT10,10.00,2025-08-17,2025-08-25,9,124,5495.60,56.0,40.67,37.7
PR046,Personal Care 20% Off - Super Value,CAT13,20.00,2025-04-06,2025-04-10,5,78,6821.40,58.0,42.33,37.0
PR047,Breakfast & Cereals 10% Off - Weekend Bonanza,CAT10,10.00,2025-04-14,2025-04-27,14,122,4746.15,56.93,40.67,40.0
PR048,Snacks & Namkeen 20% Off - Weekend Bonanza,CAT06,20.00,2025-08-28,2025-09-10,14,158,3296.20,47.0,26.49,77.4
PR049,Baby Care 20% Off - Flash Deal,CAT15,20.00,2025-08-08,2025-08-14,7,71,9276.20,52.29,37.83,38.2
PR050,Instant & Frozen Food 20% Off - Mega Savings,CAT09,20.00,2025-05-06,2025-05-09,4,39,904.40,40.75,27.54,48.0
PR051,Gourmet & Organic 5% Off - Flash Deal,CAT17,5.00,2025-06-04,2025-06-15,12,87,4762.50,40.33,23.32,72.9
PR052,Instant & Frozen Food 25% Off - Mega Savings,CAT09,25.00,2025-08-07,2025-08-18,12,142,3404.35,41.17,27.54,49.5
PR053,Bakery 20% Off - Weekend Bonanza,CAT02,20.00,2025-07-21,2025-08-01,12,88,1529.40,72.25,46.82,54.3
PR054,Bakery 20% Off - Mega Savings,CAT02,20.00,2025-04-09,2025-04-18,10,194,2888.70,60.7,46.82,29.7
PR055,"Atta, Rice & Dal 30% Off - Mega Savings",CAT05,30.00,2025-09-14,2025-09-17,4,135,14598.90,115.5,72.93,58.4
PR056,Household Cleaning 15% Off - Monsoon Saver,CAT14,15.00,2025-04-09,2025-04-11,3,34,1650.20,47.0,34.26,37.2
PR057,Ice Cream & Desserts 15% Off - Festive Treat,CAT08,15.00,2025-05-27,2025-06-05,10,94,2930.55,37.7,26.71,41.2
PR058,Stationery & Party 20% Off - Mega Savings,CAT20,20.00,2025-06-27,2025-07-02,6,66,2284.85,25.67,18.29,40.4
PR059,Bakery 10% Off - Festive Treat,CAT02,10.00,2025-06-18,2025-06-27,10,206,1604.10,66.2,46.82,41.4
PR060,Vegetables 10% Off - Mega Savings,CAT04,10.00,2025-06-25,2025-07-08,14,222,1974.65,78.36,49.63,57.9
