store_id,week_start,stage,reason,cancellations,orders_placed,share_of_orders
S01,2025-03-31,pre_dispatch,customer_changed_mind,1,92,0.0109
S01,2025-04-07,post_dispatch,customer_unreachable,1,105,0.0095
S01,2025-04-07,pre_dispatch,duplicate_order,1,105,0.0095
S01,2025-04-07,pre_dispatch,payment_issue,1,105,0.0095
S01,2025-04-14,pre_dispatch,customer_changed_mind,1,98,0.0102
S01,2025-04-14,pre_dispatch,duplicate_order,2,98,0.0204
S01,2025-04-14,pre_dispatch,item_unavailable,1,98,0.0102
S01,2025-04-14,pre_dispatch,payment_issue,2,98,0.0204
S01,2025-04-21,pre_dispatch,duplicate_order,2,99,0.0202
S01,2025-04-21,pre_dispatch,item_unavailable,1,99,0.0101
S01,2025-04-21,pre_dispatch,payment_issue,1,99,0.0101
S01,2025-04-28,post_dispatch,address_issue,1,108,0.0093
S01,2025-04-28,pre_dispatch,customer_changed_mind,1,108,0.0093
S01,2025-04-28,pre_dispatch,duplicate_order,1,108,0.0093
S01,2025-04-28,pre_dispatch,item_unavailable,2,108,0.0185
S01,2025-04-28,pre_dispatch,payment_issue,3,108,0.0278
S01,2025-05-05,pre_dispatch,customer_changed_mind,1,114,0.0088
S01,2025-05-05,pre_dispatch,duplicate_order,1,114,0.0088
S01,2025-05-05,pre_dispatch,item_unavailable,3,114,0.0263
S01,2025-05-05,pre_dispatch,payment_issue,1,114,0.0088
S01,2025-05-12,pre_dispatch,customer_changed_mind,3,108,0.0278
S01,2025-05-12,pre_dispatch,duplicate_order,1,108,0.0093
S01,2025-05-12,pre_dispatch,item_unavailable,2,108,0.0185
S01,2025-05-12,pre_dispatch,payment_issue,4,108,0.037
S01,2025-05-19,post_dispatch,address_issue,2,115,0.0174
S01,2025-05-19,post_dispatch,delivery_delayed,1,115,0.0087
S01,2025-05-19,pre_dispatch,customer_changed_mind,2,115,0.0174
S01,2025-05-19,pre_dispatch,duplicate_order,2,115,0.0174
S01,2025-05-19,pre_dispatch,item_unavailable,3,115,0.0261
S01,2025-05-19,pre_dispatch,payment_issue,2,115,0.0174
S01,2025-05-26,post_dispatch,address_issue,1,110,0.0091
S01,2025-05-26,pre_dispatch,customer_changed_mind,2,110,0.0182
S01,2025-05-26,pre_dispatch,duplicate_order,2,110,0.0182
S01,2025-05-26,pre_dispatch,item_unavailable,1,110,0.0091
S01,2025-05-26,pre_dispatch,payment_issue,2,110,0.0182
S01,2025-06-02,post_dispatch,customer_unreachable,1,109,0.0092
S01,2025-06-02,post_dispatch,delivery_delayed,1,109,0.0092
S01,2025-06-02,pre_dispatch,item_unavailable,3,109,0.0275
S01,2025-06-02,pre_dispatch,payment_issue,2,109,0.0183
S01,2025-06-09,post_dispatch,customer_unreachable,1,93,0.0108
S01,2025-06-09,pre_dispatch,customer_changed_mind,3,93,0.0323
S01,2025-06-09,pre_dispatch,duplicate_order,2,93,0.0215
S01,2025-06-09,pre_dispatch,item_unavailable,1,93,0.0108
S01,2025-06-09,pre_dispatch,payment_issue,1,93,0.0108
S01,2025-06-16,post_dispatch,customer_unreachable,1,112,0.0089
S01,2025-06-16,post_dispatch,delivery_delayed,2,112,0.0179
S01,2025-06-16,pre_dispatch,customer_changed_mind,1,112,0.0089
S01,2025-06-16,pre_dispatch,payment_issue,1,112,0.0089
S01,2025-06-23,pre_dispatch,customer_changed_mind,4,119,0.0336
S01,2025-06-23,pre_dispatch,duplicate_order,1,119,0.0084
S01,2025-06-23,pre_dispatch,item_unavailable,4,119,0.0336
S01,2025-06-23,pre_dispatch,payment_issue,1,119,0.0084
S01,2025-06-30,pre_dispatch,customer_changed_mind,2,121,0.0165
S01,2025-06-30,pre_dispatch,item_unavailable,1,121,0.0083
S01,2025-06-30,pre_dispatch,payment_issue,2,121,0.0165
S01,2025-07-07,pre_dispatch,customer_changed_mind,1,110,0.0091
S01,2025-07-07,pre_dispatch,duplicate_order,1,110,0.0091
S01,2025-07-14,post_dispatch,address_issue,1,100,0.01
S01,2025-07-14,pre_dispatch,customer_changed_mind,1,100,0.01
S01,2025-07-14,pre_dispatch,item_unavailable,1,100,0.01
S01,2025-07-21,post_dispatch,address_issue,1,116,0.0086
S01,2025-07-21,pre_dispatch,customer_changed_mind,1,116,0.0086
S01,2025-07-21,pre_dispatch,duplicate_order,2,116,0.0172
S01,2025-07-21,pre_dispatch,item_unavailable,2,116,0.0172
S01,2025-07-21,pre_dispatch,payment_issue,5,116,0.0431
S01,2025-07-28,pre_dispatch,customer_changed_mind,1,115,0.0087
S01,2025-07-28,pre_dispatch,duplicate_order,1,115,0.0087
S01,2025-07-28,pre_dispatch,payment_issue,1,115,0.0087
S01,2025-08-04,post_dispatch,delivery_delayed,2,96,0.0208
S01,2025-08-04,pre_dispatch,customer_changed_mind,2,96,0.0208
S01,2025-08-04,pre_dispatch,payment_issue,2,96,0.0208
S01,2025-08-11,post_dispatch,address_issue,1,114,0.0088
S01,2025-08-11,post_dispatch,customer_unreachable,1,114,0.0088
S01,2025-08-11,pre_dispatch,customer_changed_mind,2,114,0.0175
S01,2025-08-11,pre_dispatch,duplicate_order,2,114,0.0175
S01,2025-08-11,pre_dispatch,item_unavailable,1,114,0.0088
S01,2025-08-11,pre_dispatch,payment_issue,2,114,0.0175
S01,2025-08-18,post_dispatch,address_issue,1,97,0.0103
S01,2025-08-18,post_dispatch,delivery_delayed,1,97,0.0103
S01,2025-08-18,pre_dispatch,duplicate_order,1,97,0.0103
S01,2025-08-18,pre_dispatch,item_unavailable,1,97,0.0103
S01,2025-08-18,pre_dispatch,payment_issue,2,97,0.0206
S01,2025-08-25,post_dispatch,customer_unreachable,1,94,0.0106
S01,2025-08-25,pre_dispatch,customer_changed_mind,3,94,0.0319
S01,2025-08-25,pre_dispatch,duplicate_order,1,94,0.0106
S01,2025-08-25,pre_dispatch,payment_issue,2,94,0.0213
S01,2025-09-01,post_dispatch,delivery_delayed,1,115,0.0087
S01,2025-09-01,pre_dispatch,customer_changed_mind,2,115,0.0174
S01,2025-09-01,pre_dispatch,duplicate_order,1,115,0.0087
S01,2025-09-01,pre_dispatch,item_unavailable,3,115,0.0261
S01,2025-09-01,pre_dispatch,payment_issue,3,115,0.0261
S01,2025-09-08,post_dispatch,address_issue,1,108,0.0093
S01,2025-09-08,post_dispatch,customer_unreachable,1,108,0.0093
S01,2025-09-08,post_dispatch,delivery_delayed,2,108,0.0185
S01,2025-09-08,pre_dispatch,duplicate_order,2,108,0.0185
S01,2025-09-08,pre_dispatch,item_unavailable,4,108,0.037
S01,2025-09-08,pre_dispatch,payment_issue,3,108,0.0278
S01,2025-09-15,post_dispatch,address_issue,1,118,0.0085
S01,2025-09-15,pre_dispatch,customer_changed_mind,2,118,0.0169
S01,2025-09-15,pre_dispatch,duplicate_order,3,118,0.0254
S01,2025-09-15,pre_dispatch,item_unavailable,4,118,0.0339
S01,2025-09-22,post_dispatch,address_issue,2,127,0.0157
S01,2025-09-22,post_dispatch,customer_unreachable,1,127,0.0079
S01,2025-09-22,post_dispatch,delivery_delayed,1,127,0.0079
S01,2025-09-22,pre_dispatch,duplicate_order,5,127,0.0394
S01,2025-09-22,pre_dispatch,payment_issue,2,127,0.0157
S01,2025-09-29,pre_dispatch,customer_changed_mind,1,39,0.0256
S01,2025-09-29,pre_dispatch,duplicate_order,1,39,0.0256
S02,2025-03-31,post_dispatch,address_issue,1,84,0.0119
S02,2025-03-31,pre_dispatch,customer_changed_mind,3,84,0.0357
S02,2025-03-31,pre_dispatch,duplicate_order,1,84,0.0119
S02,2025-03-31,pre_dispatch,payment_issue,2,84,0.0238
S02,2025-04-07,pre_dispatch,customer_changed_mind,2,99,0.0202
S02,2025-04-07,pre_dispatch,duplicate_order,3,99,0.0303
S02,2025-04-07,pre_dispatch,item_unavailable,2,99,0.0202
S02,2025-04-07,pre_dispatch,payment_issue,1,99,0.0101
S02,2025-04-14,pre_dispatch,duplicate_order,2,105,0.019
S02,2025-04-14,pre_dispatch,item_unavailable,3,105,0.0286
S02,2025-04-21,post_dispatch,customer_unreachable,1,84,0.0119
S02,2025-04-21,pre_dispatch,customer_changed_mind,1,84,0.0119
S02,2025-04-21,pre_dispatch,payment_issue,3,84,0.0357
S02,2025-04-28,post_dispatch,address_issue,1,107,0.0093
S02,2025-04-28,post_dispatch,delivery_delayed,1,107,0.0093
S02,2025-04-28,pre_dispatch,customer_changed_mind,2,107,0.0187
S02,2025-04-28,pre_dispatch,duplicate_order,1,107,0.0093
S02,2025-04-28,pre_dispatch,item_unavailable,1,107,0.0093
S02,2025-05-05,post_dispatch,address_issue,1,110,0.0091
S02,2025-05-05,pre_dispatch,customer_changed_mind,2,110,0.0182
S02,2025-05-05,pre_dispatch,payment_issue,5,110,0.0455
S02,2025-05-12,post_dispatch,address_issue,1,101,0.0099
S02,2025-05-12,post_dispatch,customer_unreachable,1,101,0.0099
S02,2025-05-12,pre_dispatch,customer_changed_mind,2,101,0.0198
S02,2025-05-12,pre_dispatch,duplicate_order,3,101,0.0297
S02,2025-05-12,pre_dispatch,item_unavailable,1,101,0.0099
S02,2025-05-12,pre_dispatch,payment_issue,3,101,0.0297
S02,2025-05-19,pre_dispatch,duplicate_order,1,97,0.0103
S02,2025-05-19,pre_dispatch,item_unavailable,1,97,0.0103
S02,2025-05-26,pre_dispatch,duplicate_order,5,114,0.0439
S02,2025-05-26,pre_dispatch,item_unavailable,3,114,0.0263
S02,2025-06-02,post_dispatch,address_issue,1,118,0.0085
S02,2025-06-02,pre_dispatch,customer_changed_mind,1,118,0.0085
S02,2025-06-02,pre_dispatch,duplicate_order,5,118,0.0424
S02,2025-06-02,pre_dispatch,item_unavailable,2,118,0.0169
S02,2025-06-02,pre_dispatch,payment_issue,1,118,0.0085
S02,2025-06-09,pre_dispatch,duplicate_order,2,99,0.0202
S02,2025-06-09,pre_dispatch,item_unavailable,1,99,0.0101
S02,2025-06-09,pre_dispatch,payment_issue,1,99,0.0101
S02,2025-06-16,pre_dispatch,duplicate_order,1,105,0.0095
S02,2025-06-16,pre_dispatch,payment_issue,1,105,0.0095
S02,2025-06-23,post_dispatch,customer_unreachable,2,105,0.019
S02,2025-06-23,post_dispatch,delivery_delayed,1,105,0.0095
S02,2025-06-23,pre_dispatch,customer_changed_mind,1,105,0.0095
S02,2025-06-23,pre_dispatch,duplicate_order,1,105,0.0095
S02,2025-06-23,pre_dispatch,payment_issue,2,105,0.019
S02,2025-06-30,post_dispatch,address_issue,1,119,0.0084
S02,2025-06-30,post_dispatch,customer_unreachable,1,119,0.0084
S02,2025-06-30,pre_dispatch,customer_changed_mind,1,119,0.0084
S02,2025-06-30,pre_dispatch,payment_issue,3,119,0.0252
S02,2025-07-07,post_dispatch,delivery_delayed,2,96,0.0208
S02,2025-07-07,pre_dispatch,duplicate_order,1,96,0.0104
S02,2025-07-14,post_dispatch,address_issue,1,128,0.0078
S02,2025-07-14,pre_dispatch,customer_changed_mind,4,128,0.0313
S02,2025-07-14,pre_dispatch,duplicate_order,2,128,0.0156
S02,2025-07-14,pre_dispatch,item_unavailable,1,128,0.0078
S02,2025-07-14,pre_dispatch,payment_issue,2,128,0.0156
S02,2025-07-21,post_dispatch,address_issue,1,116,0.0086
S02,2025-07-21,pre_dispatch,customer_changed_mind,1,116,0.0086
S02,2025-07-21,pre_dispatch,duplicate_order,1,116,0.0086
S02,2025-07-21,pre_dispatch,item_unavailable,3,116,0.0259
S02,2025-07-21,pre_dispatch,payment_issue,2,116,0.0172
S02,2025-07-28,post_dispatch,address_issue,1,129,0.0078
S02,2025-07-28,post_dispatch,customer_unreachable,1,129,0.0078
S02,2025-07-28,post_dispatch,delivery_delayed,1,129,0.0078
S02,2025-07-28,pre_dispatch,customer_changed_mind,3,129,0.0233
S02,2025-07-28,pre_dispatch,duplicate_order,2,129,0.0155
S02,2025-07-28,pre_dispatch,item_unavailable,2,129,0.0155
S02,2025-07-28,pre_dispatch,payment_issue,2,129,0.0155
S02,2025-08-04,post_dispatch,customer_unreachable,1,97,0.0103
S02,2025-08-04,pre_dispatch,customer_changed_mind,2,97,0.0206
S02,2025-08-04,pre_dispatch,item_unavailable,2,97,0.0206
S02,2025-08-04,pre_dispatch,payment_issue,3,97,0.0309
S02,2025-08-11,pre_dispatch,customer_changed_mind,1,141,0.0071
S02,2025-08-11,pre_dispatch,item_unavailable,4,141,0.0284
S02,2025-08-11,pre_dispatch,payment_issue,3,141,0.0213
S02,2025-08-18,post_dispatch,address_issue,3,101,0.0297
S02,2025-08-18,post_dispatch,customer_unreachable,1,101,0.0099
S02,2025-08-18,pre_dispatch,customer_changed_mind,2,101,0.0198
S02,2025-08-18,pre_dispatch,duplicate_order,3,101,0.0297
S02,2025-08-18,pre_dispatch,item_unavailable,1,101,0.0099
S02,2025-08-18,pre_dispatch,payment_issue,1,101,0.0099
S02,2025-08-25,post_dispatch,customer_unreachable,1,110,0.0091
S02,2025-08-25,pre_dispatch,customer_changed_mind,1,110,0.0091
S02,2025-08-25,pre_dispatch,duplicate_order,1,110,0.0091
S02,2025-08-25,pre_dispatch,item_unavailable,2,110,0.0182
S02,2025-09-01,post_dispatch,delivery_delayed,1,119,0.0084
S02,2025-09-01,pre_dispatch,customer_changed_mind,1,119,0.0084
S02,2025-09-01,pre_dispatch,duplicate_order,4,119,0.0336
S02,2025-09-01,pre_dispatch,item_unavailable,1,119,0.0084
S02,2025-09-01,pre_dispatch,payment_issue,1,119,0.0084
S02,2025-09-08,post_dispatch,customer_unreachable,2,93,0.0215
S02,2025-09-08,pre_dispatch,customer_changed_mind,1,93,0.0108
S02,2025-09-08,pre_dispatch,duplicate_order,1,93,0.0108
S02,2025-09-08,pre_dispatch,payment_issue,2,93,0.0215
S02,2025-09-15,pre_dispatch,customer_changed_mind,1,120,0.0083
S02,2025-09-15,pre_dispatch,duplicate_order,1,120,0.0083
S02,2025-09-15,pre_dispatch,item_unavailable,1,120,0.0083
S02,2025-09-15,pre_dispatch,payment_issue,1,120,0.0083
S02,2025-09-22,pre_dispatch,customer_changed_mind,1,123,0.0081
S02,2025-09-22,pre_dispatch,item_unavailable,1,123,0.0081
S02,2025-09-22,pre_dispatch,payment_issue,1,123,0.0081
S02,2025-09-29,post_dispatch,delivery_delayed,2,31,0.0645
S02,2025-09-29,pre_dispatch,duplicate_order,1,31,0.0323
S03,2025-03-31,pre_dispatch,item_unavailable,2,83,0.0241
S03,2025-04-07,pre_dispatch,customer_changed_mind,4,99,0.0404
S03,2025-04-07,pre_dispatch,duplicate_order,1,99,0.0101
S03,2025-04-07,pre_dispatch,item_unavailable,3,99,0.0303
S03,2025-04-07,pre_dispatch,payment_issue,1,99,0.0101
S03,2025-04-14,post_dispatch,address_issue,2,117,0.0171
S03,2025-04-14,pre_dispatch,duplicate_order,3,117,0.0256
S03,2025-04-14,pre_dispatch,item_unavailable,3,117,0.0256
S03,2025-04-14,pre_dispatch,payment_issue,2,117,0.0171
S03,2025-04-21,post_dispatch,customer_unreachable,1,115,0.0087
S03,2025-04-21,post_dispatch,delivery_delayed,1,115,0.0087
S03,2025-04-21,pre_dispatch,customer_changed_mind,1,115,0.0087
S03,2025-04-21,pre_dispatch,duplicate_order,1,115,0.0087
S03,2025-04-21,pre_dispatch,payment_issue,3,115,0.0261
S03,2025-04-28,post_dispatch,address_issue,1,103,0.0097
S03,2025-04-28,post_dispatch,customer_unreachable,1,103,0.0097
S03,2025-04-28,pre_dispatch,customer_changed_mind,1,103,0.0097
S03,2025-04-28,pre_dispatch,duplicate_order,1,103,0.0097
S03,2025-05-05,post_dispatch,customer_unreachable,1,103,0.0097
S03,2025-05-05,post_dispatch,delivery_delayed,2,103,0.0194
S03,2025-05-05,pre_dispatch,customer_changed_mind,1,103,0.0097
S03,2025-05-05,pre_dispatch,duplicate_order,3,103,0.0291
S03,2025-05-05,pre_dispatch,payment_issue,3,103,0.0291
S03,2025-05-12,post_dispatch,delivery_delayed,1,109,0.0092
S03,2025-05-12,pre_dispatch,customer_changed_mind,2,109,0.0183
S03,2025-05-12,pre_dispatch,item_unavailable,2,109,0.0183
S03,2025-05-12,pre_dispatch,payment_issue,2,109,0.0183
S03,2025-05-19,post_dispatch,delivery_delayed,1,103,0.0097
S03,2025-05-19,pre_dispatch,customer_changed_mind,1,103,0.0097
S03,2025-05-19,pre_dispatch,duplicate_order,2,103,0.0194
S03,2025-05-19,pre_dispatch,item_unavailable,2,103,0.0194
S03,2025-05-19,pre_dispatch,payment_issue,1,103,0.0097
S03,2025-05-26,post_dispatch,address_issue,2,106,0.0189
S03,2025-05-26,post_dispatch,delivery_delayed,1,106,0.0094
S03,2025-05-26,pre_dispatch,customer_changed_mind,1,106,0.0094
S03,2025-06-02,post_dispatch,customer_unreachable,1,127,0.0079
S03,2025-06-02,pre_dispatch,customer_changed_mind,1,127,0.0079
S03,2025-06-02,pre_dispatch,duplicate_order,1,127,0.0079
S03,2025-06-02,pre_dispatch,payment_issue,2,127,0.0157
S03,2025-06-09,post_dispatch,delivery_delayed,1,111,0.009
S03,2025-06-09,pre_dispatch,customer_changed_mind,3,111,0.027
S03,2025-06-09,pre_dispatch,duplicate_order,3,111,0.027
S03,2025-06-16,post_dispatch,address_issue,1,118,0.0085
S03,2025-06-16,post_dispatch,delivery_delayed,2,118,0.0169
S03,2025-06-16,pre_dispatch,customer_changed_mind,3,118,0.0254
S03,2025-06-16,pre_dispatch,duplicate_order,2,118,0.0169
S03,2025-06-23,post_dispatch,address_issue,1,100,0.01
S03,2025-06-23,pre_dispatch,customer_changed_mind,1,100,0.01
S03,2025-06-23,pre_dispatch,payment_issue,3,100,0.03
S03,2025-06-30,pre_dispatch,customer_changed_mind,2,99,0.0202
S03,2025-06-30,pre_dispatch,duplicate_order,6,99,0.0606
S03,2025-06-30,pre_dispatch,item_unavailable,2,99,0.0202
S03,2025-06-30,pre_dispatch,payment_issue,2,99,0.0202
S03,2025-07-07,post_dispatch,customer_unreachable,1,116,0.0086
S03,2025-07-07,post_dispatch,delivery_delayed,1,116,0.0086
S03,2025-07-07,pre_dispatch,duplicate_order,2,116,0.0172
S03,2025-07-07,pre_dispatch,item_unavailable,1,116,0.0086
S03,2025-07-07,pre_dispatch,payment_issue,1,116,0.0086
S03,2025-07-14,post_dispatch,address_issue,1,90,0.0111
S03,2025-07-14,post_dispatch,delivery_delayed,1,90,0.0111
S03,2025-07-14,pre_dispatch,customer_changed_mind,2,90,0.0222
S03,2025-07-14,pre_dispatch,duplicate_order,1,90,0.0111
S03,2025-07-14,pre_dispatch,item_unavailable,2,90,0.0222
S03,2025-07-14,pre_dispatch,payment_issue,2,90,0.0222
S03,2025-07-21,pre_dispatch,duplicate_order,3,108,0.0278
S03,2025-07-21,pre_dispatch,payment_issue,2,108,0.0185
S03,2025-07-28,pre_dispatch,customer_changed_mind,2,120,0.0167
S03,2025-07-28,pre_dispatch,duplicate_order,1,120,0.0083
S03,2025-07-28,pre_dispatch,item_unavailable,2,120,0.0167
S03,2025-07-28,pre_dispatch,payment_issue,2,120,0.0167
S03,2025-08-04,post_dispatch,customer_unreachable,1,108,0.0093
S03,2025-08-04,pre_dispatch,duplicate_order,2,108,0.0185
S03,2025-08-04,pre_dispatch,item_unavailable,3,108,0.0278
S03,2025-08-04,pre_dispatch,payment_issue,1,108,0.0093
S03,2025-08-11,post_dispatch,delivery_delayed,2,114,0.0175
S03,2025-08-11,pre_dispatch,duplicate_order,3,114,0.0263
S03,2025-08-11,pre_dispatch,payment_issue,4,114,0.0351
S03,2025-08-18,post_dispatch,customer_unreachable,2,109,0.0183
S03,2025-08-18,post_dispatch,delivery_delayed,1,109,0.0092
S03,2025-08-18,pre_dispatch,customer_changed_mind,1,109,0.0092
S03,2025-08-18,pre_dispatch,duplicate_order,2,109,0.0183
S03,2025-08-18,pre_dispatch,payment_issue,3,109,0.0275
S03,2025-08-25,post_dispatch,customer_unreachable,1,125,0.008
S03,2025-08-25,pre_dispatch,customer_changed_mind,3,125,0.024
S03,2025-08-25,pre_dispatch,duplicate_order,2,125,0.016
S03,2025-08-25,pre_dispatch,item_unavailable,3,125,0.024
S03,2025-08-25,pre_dispatch,payment_issue,2,125,0.016
S03,2025-09-01,pre_dispatch,customer_changed_mind,1,106,0.0094
S03,2025-09-01,pre_dispatch,item_unavailable,1,106,0.0094
S03,2025-09-15,post_dispatch,address_issue,1,105,0.0095
S03,2025-09-15,pre_dispatch,customer_changed_mind,4,105,0.0381
S03,2025-09-15,pre_dispatch,duplicate_order,3,105,0.0286
S03,2025-09-15,pre_dispatch,item_unavailable,1,105,0.0095
S03,2025-09-15,pre_dispatch,payment_issue,2,105,0.019
S03,2025-09-22,post_dispatch,customer_unreachable,1,108,0.0093
S03,2025-09-22,post_dispatch,delivery_delayed,1,108,0.0093
S03,2025-09-22,pre_dispatch,customer_changed_mind,1,108,0.0093
S03,2025-09-22,pre_dispatch,item_unavailable,2,108,0.0185
S03,2025-09-22,pre_dispatch,payment_issue,2,108,0.0185
S03,2025-09-29,post_dispatch,address_issue,2,26,0.0769
S03,2025-09-29,post_dispatch,customer_unreachable,1,26,0.0385
S03,2025-09-29,post_dispatch,delivery_delayed,1,26,0.0385
S03,2025-09-29,pre_dispatch,duplicate_order,1,26,0.0385
S03,2025-09-29,pre_dispatch,item_unavailable,1,26,0.0385
S04,2025-03-31,post_dispatch,address_issue,1,65,0.0154
S04,2025-03-31,post_dispatch,customer_unreachable,1,65,0.0154
S04,2025-03-31,pre_dispatch,customer_changed_mind,1,65,0.0154
S04,2025-03-31,pre_dispatch,duplicate_order,1,65,0.0154
S04,2025-04-07,post_dispatch,delivery_delayed,1,79,0.0127
S04,2025-04-07,pre_dispatch,duplicate_order,1,79,0.0127
S04,2025-04-14,pre_dispatch,customer_changed_mind,2,111,0.018
S04,2025-04-14,pre_dispatch,duplicate_order,1,111,0.009
S04,2025-04-14,pre_dispatch,item_unavailable,2,111,0.018
S04,2025-04-14,pre_dispatch,payment_issue,1,111,0.009
S04,2025-04-21,pre_dispatch,customer_changed_mind,2,77,0.026
S04,2025-04-21,pre_dispatch,item_unavailable,1,77,0.013
S04,2025-04-28,post_dispatch,customer_unreachable,1,89,0.0112
S04,2025-04-28,post_dispatch,delivery_delayed,1,89,0.0112
S04,2025-04-28,pre_dispatch,customer_changed_mind,2,89,0.0225
S04,2025-04-28,pre_dispatch,duplicate_order,1,89,0.0112
S04,2025-04-28,pre_dispatch,item_unavailable,2,89,0.0225
S04,2025-04-28,pre_dispatch,payment_issue,1,89,0.0112
S04,2025-05-05,post_dispatch,address_issue,1,71,0.0141
S04,2025-05-05,post_dispatch,customer_unreachable,1,71,0.0141
S04,2025-05-05,pre_dispatch,customer_changed_mind,2,71,0.0282
S04,2025-05-05,pre_dispatch,item_unavailable,1,71,0.0141
S04,2025-05-05,pre_dispatch,payment_issue,1,71,0.0141
S04,2025-05-12,post_dispatch,customer_unreachable,1,83,0.012
S04,2025-05-12,post_dispatch,delivery_delayed,1,83,0.012
S04,2025-05-12,pre_dispatch,customer_changed_mind,2,83,0.0241
S04,2025-05-12,pre_dispatch,duplicate_order,3,83,0.0361
S04,2025-05-12,pre_dispatch,item_unavailable,1,83,0.012
S04,2025-05-19,post_dispatch,customer_unreachable,2,102,0.0196
S04,2025-05-19,pre_dispatch,duplicate_order,4,102,0.0392
S04,2025-05-19,pre_dispatch,item_unavailable,3,102,0.0294
S04,2025-05-26,post_dispatch,address_issue,2,93,0.0215
S04,2025-05-26,pre_dispatch,customer_changed_mind,2,93,0.0215
S04,2025-05-26,pre_dispatch,duplicate_order,1,93,0.0108
S04,2025-05-26,pre_dispatch,item_unavailable,1,93,0.0108
S04,2025-05-26,pre_dispatch,payment_issue,2,93,0.0215
S04,2025-06-02,post_dispatch,customer_unreachable,1,84,0.0119
S04,2025-06-02,pre_dispatch,customer_changed_mind,1,84,0.0119
S04,2025-06-02,pre_dispatch,duplicate_order,1,84,0.0119
S04,2025-06-02,pre_dispatch,item_unavailable,2,84,0.0238
S04,2025-06-02,pre_dispatch,payment_issue,1,84,0.0119
S04,2025-06-09,post_dispatch,delivery_delayed,1,96,0.0104
S04,2025-06-09,pre_dispatch,customer_changed_mind,1,96,0.0104
S04,2025-06-09,pre_dispatch,duplicate_order,3,96,0.0313
S04,2025-06-09,pre_dispatch,item_unavailable,2,96,0.0208
S04,2025-06-09,pre_dispatch,payment_issue,2,96,0.0208
S04,2025-06-16,post_dispatch,delivery_delayed,1,95,0.0105
S04,2025-06-16,pre_dispatch,customer_changed_mind,3,95,0.0316
S04,2025-06-16,pre_dispatch,duplicate_order,2,95,0.0211
S04,2025-06-16,pre_dispatch,item_unavailable,1,95,0.0105
S04,2025-06-16,pre_dispatch,payment_issue,3,95,0.0316
S04,2025-06-23,pre_dispatch,customer_changed_mind,2,79,0.0253
S04,2025-06-23,pre_dispatch,duplicate_order,3,79,0.038
S04,2025-06-23,pre_dispatch,item_unavailable,1,79,0.0127
S04,2025-06-23,pre_dispatch,payment_issue,2,79,0.0253
S04,2025-06-30,post_dispatch,customer_unreachable,1,86,0.0116
S04,2025-06-30,pre_dispatch,customer_changed_mind,1,86,0.0116
S04,2025-06-30,pre_dispatch,item_unavailable,3,86,0.0349
S04,2025-06-30,pre_dispatch,payment_issue,1,86,0.0116
S04,2025-07-07,pre_dispatch,duplicate_order,3,72,0.0417
S04,2025-07-07,pre_dispatch,item_unavailable,1,72,0.0139
S04,2025-07-14,post_dispatch,address_issue,1,80,0.0125
S04,2025-07-14,pre_dispatch,duplicate_order,1,80,0.0125
S04,2025-07-14,pre_dispatch,item_unavailable,2,80,0.025
S04,2025-07-14,pre_dispatch,payment_issue,2,80,0.025
S04,2025-07-21,post_dispatch,delivery_delayed,1,74,0.0135
S04,2025-07-21,pre_dispatch,customer_changed_mind,1,74,0.0135
S04,2025-07-21,pre_dispatch,duplicate_order,2,74,0.027
S04,2025-07-21,pre_dispatch,item_unavailable,1,74,0.0135
S04,2025-07-28,post_dispatch,delivery_delayed,3,90,0.0333
S04,2025-07-28,pre_dispatch,customer_changed_mind,2,90,0.0222
S04,2025-07-28,pre_dispatch,duplicate_order,2,90,0.0222
S04,2025-08-04,post_dispatch,delivery_delayed,1,84,0.0119
S04,2025-08-04,pre_dispatch,duplicate_order,2,84,0.0238
S04,2025-08-04,pre_dispatch,item_unavailable,1,84,0.0119
S04,2025-08-04,pre_dispatch,payment_issue,2,84,0.0238
S04,2025-08-11,post_dispatch,customer_unreachable,1,85,0.0118
S04,2025-08-11,pre_dispatch,customer_changed_mind,1,85,0.0118
S04,2025-08-11,pre_dispatch,payment_issue,2,85,0.0235
S04,2025-08-18,pre_dispatch,customer_changed_mind,4,98,0.0408
S04,2025-08-18,pre_dispatch,item_unavailable,1,98,0.0102
S04,2025-08-18,pre_dispatch,payment_issue,2,98,0.0204
S04,2025-08-25,pre_dispatch,duplicate_order,3,80,0.0375
S04,2025-08-25,pre_dispatch,item_unavailable,1,80,0.0125
S04,2025-09-01,post_dispatch,delivery_delayed,1,95,0.0105
S04,2025-09-01,pre_dispatch,duplicate_order,1,95,0.0105
S04,2025-09-01,pre_dispatch,item_unavailable,3,95,0.0316
S04,2025-09-01,pre_dispatch,payment_issue,1,95,0.0105
S04,2025-09-08,post_dispatch,delivery_delayed,1,91,0.011
S04,2025-09-08,pre_dispatch,customer_changed_mind,2,91,0.022
S04,2025-09-08,pre_dispatch,duplicate_order,1,91,0.011
S04,2025-09-08,pre_dispatch,item_unavailable,2,91,0.022
S04,2025-09-08,pre_dispatch,payment_issue,1,91,0.011
S04,2025-09-15,pre_dispatch,duplicate_order,1,75,0.0133
S04,2025-09-22,post_dispatch,customer_unreachable,1,115,0.0087
S04,2025-09-22,pre_dispatch,customer_changed_mind,2,115,0.0174
S04,2025-09-22,pre_dispatch,duplicate_order,1,115,0.0087
S04,2025-09-22,pre_dispatch,item_unavailable,4,115,0.0348
S04,2025-09-22,pre_dispatch,payment_issue,2,115,0.0174
S04,2025-09-29,pre_dispatch,item_unavailable,1,23,0.0435
S04,2025-09-29,pre_dispatch,payment_issue,1,23,0.0435
S05,2025-03-31,post_dispatch,delivery_delayed,1,51,0.0196
S05,2025-03-31,pre_dispatch,duplicate_order,1,51,0.0196
S05,2025-03-31,pre_dispatch,item_unavailable,1,51,0.0196
S05,2025-03-31,pre_dispatch,payment_issue,1,51,0.0196
S05,2025-04-07,post_dispatch,delivery_delayed,1,63,0.0159
S05,2025-04-07,pre_dispatch,duplicate_order,2,63,0.0317
S05,2025-04-14,pre_dispatch,duplicate_order,1,69,0.0145
S05,2025-04-14,pre_dispatch,item_unavailable,2,69,0.029
S05,2025-04-14,pre_dispatch,payment_issue,1,69,0.0145
S05,2025-04-21,pre_dispatch,customer_changed_mind,1,70,0.0143
S05,2025-04-21,pre_dispatch,duplicate_order,1,70,0.0143
S05,2025-04-21,pre_dispatch,payment_issue,2,70,0.0286
S05,2025-04-28,post_dispatch,customer_unreachable,1,79,0.0127
S05,2025-04-28,post_dispatch,delivery_delayed,1,79,0.0127
S05,2025-04-28,pre_dispatch,duplicate_order,4,79,0.0506
S05,2025-04-28,pre_dispatch,item_unavailable,1,79,0.0127
S05,2025-04-28,pre_dispatch,payment_issue,2,79,0.0253
S05,2025-05-05,post_dispatch,customer_unreachable,1,57,0.0175
S05,2025-05-12,pre_dispatch,customer_changed_mind,2,62,0.0323
S05,2025-05-12,pre_dispatch,duplicate_order,2,62,0.0323
S05,2025-05-19,pre_dispatch,customer_changed_mind,1,70,0.0143
S05,2025-05-19,pre_dispatch,duplicate_order,2,70,0.0286
S05,2025-05-19,pre_dispatch,item_unavailable,2,70,0.0286
S05,2025-05-26,pre_dispatch,payment_issue,2,63,0.0317
S05,2025-06-02,post_dispatch,address_issue,2,78,0.0256
S05,2025-06-02,pre_dispatch,item_unavailable,1,78,0.0128
S05,2025-06-02,pre_dispatch,payment_issue,1,78,0.0128
S05,2025-06-09,post_dispatch,customer_unreachable,2,63,0.0317
S05,2025-06-09,pre_dispatch,duplicate_order,2,63,0.0317
S05,2025-06-09,pre_dispatch,item_unavailable,1,63,0.0159
S05,2025-06-09,pre_dispatch,payment_issue,1,63,0.0159
S05,2025-06-16,post_dispatch,address_issue,1,86,0.0116
S05,2025-06-16,post_dispatch,delivery_delayed,1,86,0.0116
S05,2025-06-16,pre_dispatch,duplicate_order,1,86,0.0116
S05,2025-06-16,pre_dispatch,item_unavailable,2,86,0.0233
S05,2025-06-16,pre_dispatch,payment_issue,2,86,0.0233
S05,2025-06-23,pre_dispatch,duplicate_order,1,79,0.0127
S05,2025-06-23,pre_dispatch,item_unavailable,1,79,0.0127
S05,2025-06-30,post_dispatch,address_issue,1,68,0.0147
S05,2025-06-30,pre_dispatch,customer_changed_mind,1,68,0.0147
S05,2025-06-30,pre_dispatch,duplicate_order,3,68,0.0441
S05,2025-07-07,post_dispatch,customer_unreachable,2,81,0.0247
S05,2025-07-07,post_dispatch,delivery_delayed,1,81,0.0123
S05,2025-07-07,pre_dispatch,customer_changed_mind,2,81,0.0247
S05,2025-07-07,pre_dispatch,duplicate_order,1,81,0.0123
S05,2025-07-07,pre_dispatch,payment_issue,2,81,0.0247
S05,2025-07-14,post_dispatch,address_issue,2,75,0.0267
S05,2025-07-14,pre_dispatch,item_unavailable,2,75,0.0267
S05,2025-07-14,pre_dispatch,payment_issue,2,75,0.0267
S05,2025-07-21,post_dispatch,address_issue,4,78,0.0513
S05,2025-07-21,pre_dispatch,customer_changed_mind,1,78,0.0128
S05,2025-07-21,pre_dispatch,duplicate_order,1,78,0.0128
S05,2025-07-21,pre_dispatch,payment_issue,1,78,0.0128
S05,2025-07-28,post_dispatch,customer_unreachable,1,65,0.0154
S05,2025-07-28,pre_dispatch,customer_changed_mind,3,65,0.0462
S05,2025-08-04,post_dispatch,delivery_delayed,1,82,0.0122
S05,2025-08-04,pre_dispatch,duplicate_order,3,82,0.0366
S05,2025-08-04,pre_dispatch,item_unavailable,2,82,0.0244
S05,2025-08-04,pre_dispatch,payment_issue,2,82,0.0244
S05,2025-08-11,post_dispatch,delivery_delayed,2,89,0.0225
S05,2025-08-11,pre_dispatch,customer_changed_mind,1,89,0.0112
S05,2025-08-11,pre_dispatch,duplicate_order,3,89,0.0337
S05,2025-08-18,post_dispatch,address_issue,1,82,0.0122
S05,2025-08-18,pre_dispatch,customer_changed_mind,1,82,0.0122
S05,2025-08-18,pre_dispatch,duplicate_order,2,82,0.0244
S05,2025-08-18,pre_dispatch,item_unavailable,1,82,0.0122
S05,2025-08-18,pre_dispatch,payment_issue,1,82,0.0122
S05,2025-08-25,pre_dispatch,customer_changed_mind,1,70,0.0143
S05,2025-08-25,pre_dispatch,duplicate_order,4,70,0.0571
S05,2025-08-25,pre_dispatch,item_unavailable,1,70,0.0143
S05,2025-08-25,pre_dispatch,payment_issue,1,70,0.0143
S05,2025-09-01,pre_dispatch,customer_changed_mind,2,74,0.027
S05,2025-09-01,pre_dispatch,duplicate_order,2,74,0.027
S05,2025-09-01,pre_dispatch,item_unavailable,1,74,0.0135
S05,2025-09-08,pre_dispatch,customer_changed_mind,1,73,0.0137
S05,2025-09-08,pre_dispatch,duplicate_order,1,73,0.0137
S05,2025-09-08,pre_dispatch,payment_issue,2,73,0.0274
S05,2025-09-15,post_dispatch,delivery_delayed,1,96,0.0104
S05,2025-09-15,pre_dispatch,customer_changed_mind,3,96,0.0313
S05,2025-09-15,pre_dispatch,item_unavailable,3,96,0.0313
S05,2025-09-15,pre_dispatch,payment_issue,3,96,0.0313
S05,2025-09-22,post_dispatch,address_issue,1,80,0.0125
S05,2025-09-22,post_dispatch,customer_unreachable,1,80,0.0125
S05,2025-09-22,pre_dispatch,customer_changed_mind,2,80,0.025
S05,2025-09-22,pre_dispatch,duplicate_order,1,80,0.0125
S05,2025-09-29,post_dispatch,customer_unreachable,1,14,0.0714
S05,2025-09-29,pre_dispatch,customer_changed_mind,1,14,0.0714
S05,2025-09-29,pre_dispatch,item_unavailable,1,14,0.0714
S06,2025-03-31,post_dispatch,delivery_delayed,1,108,0.0093
S06,2025-03-31,pre_dispatch,customer_changed_mind,1,108,0.0093
S06,2025-03-31,pre_dispatch,payment_issue,4,108,0.037
S06,2025-04-07,post_dispatch,customer_unreachable,1,115,0.0087
S06,2025-04-07,pre_dispatch,duplicate_order,3,115,0.0261
S06,2025-04-07,pre_dispatch,item_unavailable,1,115,0.0087
S06,2025-04-07,pre_dispatch,payment_issue,2,115,0.0174
S06,2025-04-14,post_dispatch,address_issue,3,124,0.0242
S06,2025-04-14,pre_dispatch,customer_changed_mind,1,124,0.0081
S06,2025-04-14,pre_dispatch,duplicate_order,2,124,0.0161
S06,2025-04-14,pre_dispatch,item_unavailable,3,124,0.0242
S06,2025-04-14,pre_dispatch,payment_issue,3,124,0.0242
S06,2025-04-21,pre_dispatch,customer_changed_mind,1,131,0.0076
S06,2025-04-21,pre_dispatch,item_unavailable,1,131,0.0076
S06,2025-04-21,pre_dispatch,payment_issue,2,131,0.0153
S06,2025-04-28,post_dispatch,customer_unreachable,1,127,0.0079
S06,2025-04-28,pre_dispatch,customer_changed_mind,1,127,0.0079
S06,2025-04-28,pre_dispatch,duplicate_order,2,127,0.0157
S06,2025-04-28,pre_dispatch,item_unavailable,3,127,0.0236
S06,2025-04-28,pre_dispatch,payment_issue,3,127,0.0236
S06,2025-05-05,post_dispatch,address_issue,1,99,0.0101
S06,2025-05-05,post_dispatch,customer_unreachable,1,99,0.0101
S06,2025-05-05,post_dispatch,delivery_delayed,2,99,0.0202
S06,2025-05-05,pre_dispatch,customer_changed_mind,1,99,0.0101
S06,2025-05-12,post_dispatch,address_issue,1,144,0.0069
S06,2025-05-12,post_dispatch,customer_unreachable,1,144,0.0069
S06,2025-05-12,post_dispatch,delivery_delayed,1,144,0.0069
S06,2025-05-12,pre_dispatch,customer_changed_mind,1,144,0.0069
S06,2025-05-12,pre_dispatch,item_unavailable,2,144,0.0139
S06,2025-05-12,pre_dispatch,payment_issue,2,144,0.0139
S06,2025-05-19,post_dispatch,address_issue,1,146,0.0068
S06,2025-05-19,post_dispatch,delivery_delayed,1,146,0.0068
S06,2025-05-19,pre_dispatch,customer_changed_mind,4,146,0.0274
S06,2025-05-19,pre_dispatch,duplicate_order,2,146,0.0137
S06,2025-05-19,pre_dispatch,item_unavailable,2,146,0.0137
S06,2025-05-19,pre_dispatch,payment_issue,3,146,0.0205
S06,2025-05-26,post_dispatch,delivery_delayed,1,140,0.0071
S06,2025-05-26,pre_dispatch,customer_changed_mind,6,140,0.0429
S06,2025-05-26,pre_dispatch,duplicate_order,1,140,0.0071
S06,2025-05-26,pre_dispatch,item_unavailable,1,140,0.0071
S06,2025-05-26,pre_dispatch,payment_issue,2,140,0.0143
S06,2025-06-02,post_dispatch,address_issue,5,160,0.0313
S06,2025-06-02,post_dispatch,customer_unreachable,1,160,0.0063
S06,2025-06-02,post_dispatch,delivery_delayed,2,160,0.0125
S06,2025-06-02,pre_dispatch,duplicate_order,3,160,0.0188
S06,2025-06-02,pre_dispatch,item_unavailable,4,160,0.025
S06,2025-06-02,pre_dispatch,payment_issue,2,160,0.0125
S06,2025-06-09,post_dispatch,address_issue,1,136,0.0074
S06,2025-06-09,post_dispatch,customer_unreachable,2,136,0.0147
S06,2025-06-09,pre_dispatch,customer_changed_mind,2,136,0.0147
S06,2025-06-09,pre_dispatch,duplicate_order,3,136,0.0221
S06,2025-06-09,pre_dispatch,item_unavailable,1,136,0.0074
S06,2025-06-16,post_dispatch,address_issue,1,148,0.0068
S06,2025-06-16,post_dispatch,customer_unreachable,1,148,0.0068
S06,2025-06-16,post_dispatch,delivery_delayed,3,148,0.0203
S06,2025-06-16,pre_dispatch,customer_changed_mind,1,148,0.0068
S06,2025-06-16,pre_dispatch,duplicate_order,3,148,0.0203
S06,2025-06-16,pre_dispatch,payment_issue,1,148,0.0068
S06,2025-06-23,post_dispatch,address_issue,1,146,0.0068
S06,2025-06-23,post_dispatch,delivery_delayed,1,146,0.0068
S06,2025-06-23,pre_dispatch,customer_changed_mind,1,146,0.0068
S06,2025-06-23,pre_dispatch,duplicate_order,3,146,0.0205
S06,2025-06-23,pre_dispatch,item_unavailable,2,146,0.0137
S06,2025-06-23,pre_dispatch,payment_issue,2,146,0.0137
S06,2025-06-30,post_dispatch,address_issue,1,153,0.0065
S06,2025-06-30,post_dispatch,customer_unreachable,1,153,0.0065
S06,2025-06-30,post_dispatch,delivery_delayed,2,153,0.0131
S06,2025-06-30,pre_dispatch,customer_changed_mind,1,153,0.0065
S06,2025-06-30,pre_dispatch,duplicate_order,3,153,0.0196
S06,2025-06-30,pre_dispatch,item_unavailable,1,153,0.0065
S06,2025-06-30,pre_dispatch,payment_issue,3,153,0.0196
S06,2025-07-07,post_dispatch,customer_unreachable,1,140,0.0071
S06,2025-07-07,post_dispatch,delivery_delayed,1,140,0.0071
S06,2025-07-07,pre_dispatch,customer_changed_mind,2,140,0.0143
S06,2025-07-07,pre_dispatch,item_unavailable,3,140,0.0214
S06,2025-07-07,pre_dispatch,payment_issue,2,140,0.0143
S06,2025-07-14,post_dispatch,address_issue,1,151,0.0066
S06,2025-07-14,post_dispatch,customer_unreachable,1,151,0.0066
S06,2025-07-14,post_dispatch,delivery_delayed,3,151,0.0199
S06,2025-07-14,pre_dispatch,customer_changed_mind,1,151,0.0066
S06,2025-07-14,pre_dispatch,item_unavailable,2,151,0.0132
S06,2025-07-14,pre_dispatch,payment_issue,4,151,0.0265
S06,2025-07-21,post_dispatch,address_issue,1,133,0.0075
S06,2025-07-21,pre_dispatch,customer_changed_mind,1,133,0.0075
S06,2025-07-21,pre_dispatch,duplicate_order,3,133,0.0226
S06,2025-07-21,pre_dispatch,item_unavailable,1,133,0.0075
S06,2025-07-21,pre_dispatch,payment_issue,1,133,0.0075
S06,2025-07-28,post_dispatch,address_issue,2,131,0.0153
S06,2025-07-28,post_dispatch,customer_unreachable,1,131,0.0076
S06,2025-07-28,post_dispatch,delivery_delayed,1,131,0.0076
S06,2025-07-28,pre_dispatch,customer_changed_mind,1,131,0.0076
S06,2025-07-28,pre_dispatch,duplicate_order,1,131,0.0076
S06,2025-07-28,pre_dispatch,item_unavailable,3,131,0.0229
S06,2025-07-28,pre_dispatch,payment_issue,4,131,0.0305
S06,2025-08-04,post_dispatch,address_issue,1,129,0.0078
S06,2025-08-04,post_dispatch,customer_unreachable,1,129,0.0078
S06,2025-08-04,post_dispatch,delivery_delayed,1,129,0.0078
S06,2025-08-04,pre_dispatch,customer_changed_mind,3,129,0.0233
S06,2025-08-04,pre_dispatch,duplicate_order,4,129,0.031
S06,2025-08-04,pre_dispatch,item_unavailable,1,129,0.0078
S06,2025-08-04,pre_dispatch,payment_issue,2,129,0.0155
S06,2025-08-11,post_dispatch,customer_unreachable,1,136,0.0074
S06,2025-08-11,post_dispatch,delivery_delayed,1,136,0.0074
S06,2025-08-11,pre_dispatch,duplicate_order,1,136,0.0074
S06,2025-08-11,pre_dispatch,item_unavailable,3,136,0.0221
S06,2025-08-11,pre_dispatch,payment_issue,1,136,0.0074
S06,2025-08-18,post_dispatch,address_issue,1,138,0.0072
S06,2025-08-18,post_dispatch,delivery_delayed,1,138,0.0072
S06,2025-08-18,pre_dispatch,customer_changed_mind,1,138,0.0072
S06,2025-08-18,pre_dispatch,duplicate_order,2,138,0.0145
S06,2025-08-25,post_dispatch,address_issue,1,145,0.0069
S06,2025-08-25,post_dispatch,customer_unreachable,1,145,0.0069
S06,2025-08-25,pre_dispatch,customer_changed_mind,2,145,0.0138
S06,2025-08-25,pre_dispatch,duplicate_order,1,145,0.0069
S06,2025-08-25,pre_dispatch,item_unavailable,3,145,0.0207
S06,2025-08-25,pre_dispatch,payment_issue,2,145,0.0138
S06,2025-09-01,post_dispatch,customer_unreachable,2,142,0.0141
S06,2025-09-01,post_dispatch,delivery_delayed,3,142,0.0211
S06,2025-09-01,pre_dispatch,customer_changed_mind,1,142,0.007
S06,2025-09-01,pre_dispatch,duplicate_order,6,142,0.0423
S06,2025-09-01,pre_dispatch,item_unavailable,4,142,0.0282
S06,2025-09-01,pre_dispatch,payment_issue,2,142,0.0141
S06,2025-09-08,pre_dispatch,customer_changed_mind,1,121,0.0083
S06,2025-09-08,pre_dispatch,duplicate_order,2,121,0.0165
S06,2025-09-08,pre_dispatch,item_unavailable,4,121,0.0331
S06,2025-09-15,post_dispatch,address_issue,2,144,0.0139
S06,2025-09-15,post_dispatch,customer_unreachable,1,144,0.0069
S06,2025-09-15,post_dispatch,delivery_delayed,2,144,0.0139
S06,2025-09-15,pre_dispatch,customer_changed_mind,2,144,0.0139
S06,2025-09-15,pre_dispatch,duplicate_order,2,144,0.0139
S06,2025-09-15,pre_dispatch,item_unavailable,1,144,0.0069
S06,2025-09-15,pre_dispatch,payment_issue,2,144,0.0139
S06,2025-09-22,post_dispatch,delivery_delayed,1,141,0.0071
S06,2025-09-22,pre_dispatch,item_unavailable,3,141,0.0213
S06,2025-09-22,pre_dispatch,payment_issue,4,141,0.0284
S06,2025-09-29,pre_dispatch,duplicate_order,1,35,0.0286
S06,2025-09-29,pre_dispatch,payment_issue,2,35,0.0571
S07,2025-03-31,pre_dispatch,duplicate_order,1,67,0.0149
S07,2025-03-31,pre_dispatch,item_unavailable,2,67,0.0299
S07,2025-03-31,pre_dispatch,payment_issue,4,67,0.0597
S07,2025-04-07,pre_dispatch,duplicate_order,4,84,0.0476
S07,2025-04-07,pre_dispatch,item_unavailable,1,84,0.0119
S07,2025-04-14,pre_dispatch,customer_changed_mind,1,71,0.0141
S07,2025-04-14,pre_dispatch,duplicate_order,1,71,0.0141
S07,2025-04-14,pre_dispatch,item_unavailable,1,71,0.0141
S07,2025-04-14,pre_dispatch,payment_issue,1,71,0.0141
S07,2025-04-21,pre_dispatch,customer_changed_mind,1,72,0.0139
S07,2025-04-21,pre_dispatch,item_unavailable,1,72,0.0139
S07,2025-04-21,pre_dispatch,payment_issue,1,72,0.0139
S07,2025-04-28,pre_dispatch,customer_changed_mind,3,80,0.0375
S07,2025-04-28,pre_dispatch,duplicate_order,3,80,0.0375
S07,2025-05-12,post_dispatch,customer_unreachable,2,88,0.0227
S07,2025-05-12,post_dispatch,delivery_delayed,1,88,0.0114
S07,2025-05-12,pre_dispatch,customer_changed_mind,1,88,0.0114
S07,2025-05-12,pre_dispatch,item_unavailable,4,88,0.0455
S07,2025-05-12,pre_dispatch,payment_issue,2,88,0.0227
S07,2025-05-19,post_dispatch,address_issue,1,84,0.0119
S07,2025-05-19,post_dispatch,delivery_delayed,1,84,0.0119
S07,2025-05-19,pre_dispatch,customer_changed_mind,1,84,0.0119
S07,2025-05-19,pre_dispatch,duplicate_order,2,84,0.0238
S07,2025-05-19,pre_dispatch,item_unavailable,3,84,0.0357
S07,2025-05-26,post_dispatch,address_issue,1,88,0.0114
S07,2025-05-26,post_dispatch,customer_unreachable,1,88,0.0114
S07,2025-05-26,pre_dispatch,duplicate_order,1,88,0.0114
S07,2025-05-26,pre_dispatch,item_unavailable,1,88,0.0114
S07,2025-05-26,pre_dispatch,payment_issue,1,88,0.0114
S07,2025-06-02,pre_dispatch,duplicate_order,1,91,0.011
S07,2025-06-02,pre_dispatch,item_unavailable,1,91,0.011
S07,2025-06-02,pre_dispatch,payment_issue,2,91,0.022
S07,2025-06-09,pre_dispatch,customer_changed_mind,1,71,0.0141
S07,2025-06-09,pre_dispatch,duplicate_order,1,71,0.0141
S07,2025-06-09,pre_dispatch,item_unavailable,1,71,0.0141
S07,2025-06-16,post_dispatch,delivery_delayed,1,90,0.0111
S07,2025-06-16,pre_dispatch,customer_changed_mind,2,90,0.0222
S07,2025-06-16,pre_dispatch,item_unavailable,1,90,0.0111
S07,2025-06-16,pre_dispatch,payment_issue,1,90,0.0111
S07,2025-06-23,post_dispatch,customer_unreachable,1,94,0.0106
S07,2025-06-23,post_dispatch,delivery_delayed,2,94,0.0213
S07,2025-06-23,pre_dispatch,customer_changed_mind,1,94,0.0106
S07,2025-06-23,pre_dispatch,duplicate_order,1,94,0.0106
S07,2025-06-23,pre_dispatch,payment_issue,1,94,0.0106
S07,2025-06-30,post_dispatch,address_issue,1,82,0.0122
S07,2025-06-30,pre_dispatch,item_unavailable,3,82,0.0366
S07,2025-06-30,pre_dispatch,payment_issue,1,82,0.0122
S07,2025-07-07,post_dispatch,customer_unreachable,1,81,0.0123
S07,2025-07-07,pre_dispatch,customer_changed_mind,1,81,0.0123
S07,2025-07-07,pre_dispatch,duplicate_order,1,81,0.0123
S07,2025-07-07,pre_dispatch,item_unavailable,2,81,0.0247
S07,2025-07-07,pre_dispatch,payment_issue,1,81,0.0123
S07,2025-07-14,post_dispatch,address_issue,2,89,0.0225
S07,2025-07-14,pre_dispatch,customer_changed_mind,2,89,0.0225
S07,2025-07-14,pre_dispatch,item_unavailable,2,89,0.0225
S07,2025-07-14,pre_dispatch,payment_issue,1,89,0.0112
S07,2025-07-21,post_dispatch,address_issue,1,102,0.0098
S07,2025-07-21,pre_dispatch,customer_changed_mind,3,102,0.0294
S07,2025-07-21,pre_dispatch,duplicate_order,4,102,0.0392
S07,2025-07-21,pre_dispatch,payment_issue,1,102,0.0098
S07,2025-07-28,post_dispatch,customer_unreachable,2,98,0.0204
S07,2025-07-28,pre_dispatch,duplicate_order,4,98,0.0408
S07,2025-07-28,pre_dispatch,payment_issue,1,98,0.0102
S07,2025-08-04,post_dispatch,address_issue,1,80,0.0125
S07,2025-08-04,pre_dispatch,customer_changed_mind,3,80,0.0375
S07,2025-08-04,pre_dispatch,duplicate_order,2,80,0.025
S07,2025-08-04,pre_dispatch,payment_issue,1,80,0.0125
S07,2025-08-11,post_dispatch,address_issue,1,81,0.0123
S07,2025-08-11,post_dispatch,customer_unreachable,1,81,0.0123
S07,2025-08-11,post_dispatch,delivery_delayed,2,81,0.0247
S07,2025-08-11,pre_dispatch,customer_changed_mind,1,81,0.0123
S07,2025-08-11,pre_dispatch,item_unavailable,2,81,0.0247
S07,2025-08-11,pre_dispatch,payment_issue,2,81,0.0247
S07,2025-08-18,post_dispatch,address_issue,1,78,0.0128
S07,2025-08-18,pre_dispatch,item_unavailable,1,78,0.0128
S07,2025-08-18,pre_dispatch,payment_issue,2,78,0.0256
S07,2025-08-25,post_dispatch,delivery_delayed,2,99,0.0202
S07,2025-08-25,pre_dispatch,customer_changed_mind,1,99,0.0101
S07,2025-08-25,pre_dispatch,duplicate_order,3,99,0.0303
S07,2025-08-25,pre_dispatch,item_unavailable,4,99,0.0404
S07,2025-08-25,pre_dispatch,payment_issue,3,99,0.0303
S07,2025-09-01,post_dispatch,delivery_delayed,1,103,0.0097
S07,2025-09-01,pre_dispatch,customer_changed_mind,1,103,0.0097
S07,2025-09-01,pre_dispatch,duplicate_order,1,103,0.0097
S07,2025-09-01,pre_dispatch,item_unavailable,2,103,0.0194
S07,2025-09-01,pre_dispatch,payment_issue,5,103,0.0485
S07,2025-09-08,post_dispatch,customer_unreachable,1,89,0.0112
S07,2025-09-08,pre_dispatch,customer_changed_mind,1,89,0.0112
S07,2025-09-08,pre_dispatch,item_unavailable,1,89,0.0112
S07,2025-09-08,pre_dispatch,payment_issue,3,89,0.0337
S07,2025-09-15,post_dispatch,address_issue,1,102,0.0098
S07,2025-09-15,post_dispatch,delivery_delayed,1,102,0.0098
S07,2025-09-15,pre_dispatch,duplicate_order,1,102,0.0098
S07,2025-09-15,pre_dispatch,item_unavailable,1,102,0.0098
S07,2025-09-22,post_dispatch,customer_unreachable,1,99,0.0101
S07,2025-09-22,pre_dispatch,customer_changed_mind,1,99,0.0101
S07,2025-09-22,pre_dispatch,duplicate_order,2,99,0.0202
S07,2025-09-22,pre_dispatch,payment_issue,1,99,0.0101
S07,2025-09-29,post_dispatch,address_issue,1,20,0.05
S07,2025-09-29,post_dispatch,customer_unreachable,1,20,0.05
S07,2025-09-29,pre_dispatch,duplicate_order,1,20,0.05
S08,2025-03-31,post_dispatch,delivery_delayed,1,109,0.0092
S08,2025-03-31,pre_dispatch,duplicate_order,3,109,0.0275
S08,2025-03-31,pre_dispatch,item_unavailable,2,109,0.0183
S08,2025-04-07,post_dispatch,address_issue,1,142,0.007
S08,2025-04-07,post_dispatch,customer_unreachable,1,142,0.007
S08,2025-04-07,post_dispatch,delivery_delayed,1,142,0.007
S08,2025-04-07,pre_dispatch,customer_changed_mind,3,142,0.0211
S08,2025-04-07,pre_dispatch,duplicate_order,1,142,0.007
S08,2025-04-07,pre_dispatch,item_unavailable,1,142,0.007
S08,2025-04-07,pre_dispatch,payment_issue,2,142,0.0141
S08,2025-04-14,post_dispatch,address_issue,1,117,0.0085
S08,2025-04-14,post_dispatch,customer_unreachable,2,117,0.0171
S08,2025-04-14,pre_dispatch,item_unavailable,3,117,0.0256
S08,2025-04-14,pre_dispatch,payment_issue,3,117,0.0256
S08,2025-04-21,post_dispatch,address_issue,2,119,0.0168
S08,2025-04-21,pre_dispatch,customer_changed_mind,1,119,0.0084
S08,2025-04-21,pre_dispatch,payment_issue,2,119,0.0168
S08,2025-04-28,post_dispatch,customer_unreachable,1,129,0.0078
S08,2025-04-28,pre_dispatch,duplicate_order,1,129,0.0078
S08,2025-04-28,pre_dispatch,item_unavailable,2,129,0.0155
S08,2025-04-28,pre_dispatch,payment_issue,1,129,0.0078
S08,2025-05-05,post_dispatch,address_issue,1,127,0.0079
S08,2025-05-05,pre_dispatch,customer_changed_mind,2,127,0.0157
S08,2025-05-05,pre_dispatch,duplicate_order,1,127,0.0079
S08,2025-05-05,pre_dispatch,item_unavailable,2,127,0.0157
S08,2025-05-12,post_dispatch,customer_unreachable,3,134,0.0224
S08,2025-05-12,pre_dispatch,customer_changed_mind,3,134,0.0224
S08,2025-05-12,pre_dispatch,item_unavailable,2,134,0.0149
S08,2025-05-12,pre_dispatch,payment_issue,2,134,0.0149
S08,2025-05-19,post_dispatch,address_issue,1,133,0.0075
S08,2025-05-19,post_dispatch,delivery_delayed,1,133,0.0075
S08,2025-05-19,pre_dispatch,customer_changed_mind,3,133,0.0226
S08,2025-05-19,pre_dispatch,duplicate_order,2,133,0.015
S08,2025-05-19,pre_dispatch,item_unavailable,3,133,0.0226
S08,2025-05-19,pre_dispatch,payment_issue,2,133,0.015
S08,2025-05-26,post_dispatch,address_issue,1,132,0.0076
S08,2025-05-26,pre_dispatch,customer_changed_mind,1,132,0.0076
S08,2025-05-26,pre_dispatch,duplicate_order,1,132,0.0076
S08,2025-05-26,pre_dispatch,item_unavailable,5,132,0.0379
S08,2025-05-26,pre_dispatch,payment_issue,3,132,0.0227
S08,2025-06-02,post_dispatch,customer_unreachable,2,115,0.0174
S08,2025-06-02,post_dispatch,delivery_delayed,2,115,0.0174
S08,2025-06-02,pre_dispatch,customer_changed_mind,1,115,0.0087
S08,2025-06-02,pre_dispatch,duplicate_order,4,115,0.0348
S08,2025-06-02,pre_dispatch,payment_issue,2,115,0.0174
S08,2025-06-09,pre_dispatch,customer_changed_mind,1,131,0.0076
S08,2025-06-09,pre_dispatch,item_unavailable,1,131,0.0076
S08,2025-06-09,pre_dispatch,payment_issue,2,131,0.0153
S08,2025-06-16,post_dispatch,address_issue,2,129,0.0155
S08,2025-06-16,post_dispatch,delivery_delayed,1,129,0.0078
S08,2025-06-16,pre_dispatch,customer_changed_mind,3,129,0.0233
S08,2025-06-16,pre_dispatch,duplicate_order,2,129,0.0155
S08,2025-06-16,pre_dispatch,item_unavailable,1,129,0.0078
S08,2025-06-16,pre_dispatch,payment_issue,2,129,0.0155
S08,2025-06-23,post_dispatch,delivery_delayed,1,152,0.0066
S08,2025-06-23,pre_dispatch,customer_changed_mind,4,152,0.0263
S08,2025-06-23,pre_dispatch,item_unavailable,4,152,0.0263
S08,2025-06-23,pre_dispatch,payment_issue,1,152,0.0066
S08,2025-06-30,post_dispatch,address_issue,1,141,0.0071
S08,2025-06-30,post_dispatch,customer_unreachable,4,141,0.0284
S08,2025-06-30,post_dispatch,delivery_delayed,2,141,0.0142
S08,2025-06-30,pre_dispatch,customer_changed_mind,2,141,0.0142
S08,2025-06-30,pre_dispatch,duplicate_order,1,141,0.0071
S08,2025-06-30,pre_dispatch,item_unavailable,3,141,0.0213
S08,2025-06-30,pre_dispatch,payment_issue,3,141,0.0213
S08,2025-07-07,post_dispatch,address_issue,2,151,0.0132
S08,2025-07-07,post_dispatch,delivery_delayed,2,151,0.0132
S08,2025-07-07,pre_dispatch,customer_changed_mind,3,151,0.0199
S08,2025-07-07,pre_dispatch,duplicate_order,2,151,0.0132
S08,2025-07-07,pre_dispatch,item_unavailable,1,151,0.0066
S08,2025-07-07,pre_dispatch,payment_issue,4,151,0.0265
S08,2025-07-14,pre_dispatch,customer_changed_mind,1,128,0.0078
S08,2025-07-14,pre_dispatch,duplicate_order,2,128,0.0156
S08,2025-07-14,pre_dispatch,item_unavailable,1,128,0.0078
S08,2025-07-14,pre_dispatch,payment_issue,3,128,0.0234
S08,2025-07-21,post_dispatch,address_issue,1,146,0.0068
S08,2025-07-21,post_dispatch,customer_unreachable,1,146,0.0068
S08,2025-07-21,pre_dispatch,customer_changed_mind,2,146,0.0137
S08,2025-07-21,pre_dispatch,duplicate_order,4,146,0.0274
S08,2025-07-21,pre_dispatch,payment_issue,4,146,0.0274
S08,2025-07-28,post_dispatch,address_issue,2,129,0.0155
S08,2025-07-28,post_dispatch,delivery_delayed,2,129,0.0155
S08,2025-07-28,pre_dispatch,customer_changed_mind,3,129,0.0233
S08,2025-07-28,pre_dispatch,duplicate_order,1,129,0.0078
S08,2025-07-28,pre_dispatch,item_unavailable,2,129,0.0155
S08,2025-08-04,post_dispatch,customer_unreachable,1,131,0.0076
S08,2025-08-04,post_dispatch,delivery_delayed,1,131,0.0076
S08,2025-08-04,pre_dispatch,customer_changed_mind,2,131,0.0153
S08,2025-08-04,pre_dispatch,duplicate_order,3,131,0.0229
S08,2025-08-04,pre_dispatch,item_unavailable,1,131,0.0076
S08,2025-08-04,pre_dispatch,payment_issue,2,131,0.0153
S08,2025-08-11,post_dispatch,delivery_delayed,1,126,0.0079
S08,2025-08-11,pre_dispatch,customer_changed_mind,1,126,0.0079
S08,2025-08-11,pre_dispatch,duplicate_order,1,126,0.0079
S08,2025-08-11,pre_dispatch,item_unavailable,1,126,0.0079
S08,2025-08-18,post_dispatch,address_issue,1,127,0.0079
S08,2025-08-18,post_dispatch,customer_unreachable,3,127,0.0236
S08,2025-08-18,pre_dispatch,duplicate_order,1,127,0.0079
S08,2025-08-18,pre_dispatch,item_unavailable,1,127,0.0079
S08,2025-08-18,pre_dispatch,payment_issue,1,127,0.0079
S08,2025-08-25,post_dispatch,address_issue,1,163,0.0061
S08,2025-08-25,post_dispatch,customer_unreachable,1,163,0.0061
S08,2025-08-25,post_dispatch,delivery_delayed,3,163,0.0184
S08,2025-08-25,pre_dispatch,customer_changed_mind,5,163,0.0307
S08,2025-08-25,pre_dispatch,item_unavailable,2,163,0.0123
S08,2025-08-25,pre_dispatch,payment_issue,3,163,0.0184
S08,2025-09-01,pre_dispatch,customer_changed_mind,2,148,0.0135
S08,2025-09-01,pre_dispatch,duplicate_order,2,148,0.0135
S08,2025-09-01,pre_dispatch,item_unavailable,2,148,0.0135
S08,2025-09-01,pre_dispatch,payment_issue,2,148,0.0135
S08,2025-09-08,post_dispatch,address_issue,2,147,0.0136
S08,2025-09-08,pre_dispatch,customer_changed_mind,1,147,0.0068
S08,2025-09-08,pre_dispatch,duplicate_order,1,147,0.0068
S08,2025-09-08,pre_dispatch,item_unavailable,3,147,0.0204
S08,2025-09-08,pre_dispatch,payment_issue,3,147,0.0204
S08,2025-09-15,post_dispatch,address_issue,2,155,0.0129
S08,2025-09-15,post_dispatch,delivery_delayed,1,155,0.0065
S08,2025-09-15,pre_dispatch,customer_changed_mind,3,155,0.0194
S08,2025-09-15,pre_dispatch,duplicate_order,1,155,0.0065
S08,2025-09-15,pre_dispatch,item_unavailable,4,155,0.0258
S08,2025-09-15,pre_dispatch,payment_issue,1,155,0.0065
S08,2025-09-22,post_dispatch,customer_unreachable,2,159,0.0126
S08,2025-09-22,post_dispatch,delivery_delayed,1,159,0.0063
S08,2025-09-22,pre_dispatch,customer_changed_mind,1,159,0.0063
S08,2025-09-22,pre_dispatch,duplicate_order,3,159,0.0189
S08,2025-09-22,pre_dispatch,item_unavailable,2,159,0.0126
S08,2025-09-22,pre_dispatch,payment_issue,1,159,0.0063
S08,2025-09-29,pre_dispatch,payment_issue,1,33,0.0303
S09,2025-03-31,pre_dispatch,customer_changed_mind,1,97,0.0103
S09,2025-03-31,pre_dispatch,duplicate_order,1,97,0.0103
S09,2025-03-31,pre_dispatch,item_unavailable,2,97,0.0206
S09,2025-04-07,post_dispatch,customer_unreachable,1,135,0.0074
S09,2025-04-07,pre_dispatch,customer_changed_mind,3,135,0.0222
S09,2025-04-07,pre_dispatch,duplicate_order,1,135,0.0074
S09,2025-04-07,pre_dispatch,item_unavailable,4,135,0.0296
S09,2025-04-07,pre_dispatch,payment_issue,1,135,0.0074
S09,2025-04-14,post_dispatch,address_issue,2,105,0.019
S09,2025-04-14,post_dispatch,customer_unreachable,1,105,0.0095
S09,2025-04-14,pre_dispatch,customer_changed_mind,1,105,0.0095
S09,2025-04-14,pre_dispatch,duplicate_order,1,105,0.0095
S09,2025-04-14,pre_dispatch,item_unavailable,1,105,0.0095
S09,2025-04-21,post_dispatch,address_issue,1,126,0.0079
S09,2025-04-21,post_dispatch,customer_unreachable,1,126,0.0079
S09,2025-04-21,pre_dispatch,customer_changed_mind,1,126,0.0079
S09,2025-04-21,pre_dispatch,duplicate_order,1,126,0.0079
S09,2025-04-21,pre_dispatch,payment_issue,2,126,0.0159
S09,2025-04-28,post_dispatch,address_issue,1,136,0.0074
S09,2025-04-28,pre_dispatch,customer_changed_mind,1,136,0.0074
S09,2025-04-28,pre_dispatch,duplicate_order,1,136,0.0074
S09,2025-04-28,pre_dispatch,item_unavailable,1,136,0.0074
S09,2025-04-28,pre_dispatch,payment_issue,2,136,0.0147
S09,2025-05-05,post_dispatch,delivery_delayed,2,114,0.0175
S09,2025-05-05,pre_dispatch,customer_changed_mind,3,114,0.0263
S09,2025-05-05,pre_dispatch,duplicate_order,2,114,0.0175
S09,2025-05-05,pre_dispatch,item_unavailable,1,114,0.0088
S09,2025-05-05,pre_dispatch,payment_issue,1,114,0.0088
S09,2025-05-12,post_dispatch,delivery_delayed,2,130,0.0154
S09,2025-05-12,pre_dispatch,duplicate_order,1,130,0.0077
S09,2025-05-12,pre_dispatch,item_unavailable,1,130,0.0077
S09,2025-05-19,post_dispatch,address_issue,1,121,0.0083
S09,2025-05-19,pre_dispatch,customer_changed_mind,1,121,0.0083
S09,2025-05-19,pre_dispatch,item_unavailable,2,121,0.0165
S09,2025-05-19,pre_dispatch,payment_issue,1,121,0.0083
S09,2025-05-26,pre_dispatch,customer_changed_mind,1,105,0.0095
S09,2025-05-26,pre_dispatch,duplicate_order,2,105,0.019
S09,2025-05-26,pre_dispatch,item_unavailable,2,105,0.019
S09,2025-05-26,pre_dispatch,payment_issue,3,105,0.0286
S09,2025-06-02,post_dispatch,customer_unreachable,1,111,0.009
S09,2025-06-02,post_dispatch,delivery_delayed,1,111,0.009
S09,2025-06-02,pre_dispatch,duplicate_order,3,111,0.027
S09,2025-06-02,pre_dispatch,payment_issue,1,111,0.009
S09,2025-06-09,post_dispatch,address_issue,1,121,0.0083
S09,2025-06-09,post_dispatch,customer_unreachable,1,121,0.0083
S09,2025-06-09,pre_dispatch,customer_changed_mind,1,121,0.0083
S09,2025-06-09,pre_dispatch,duplicate_order,3,121,0.0248
S09,2025-06-09,pre_dispatch,item_unavailable,1,121,0.0083
S09,2025-06-09,pre_dispatch,payment_issue,2,121,0.0165
S09,2025-06-16,post_dispatch,address_issue,1,112,0.0089
S09,2025-06-16,pre_dispatch,customer_changed_mind,3,112,0.0268
S09,2025-06-16,pre_dispatch,duplicate_order,4,112,0.0357
S09,2025-06-23,post_dispatch,address_issue,2,121,0.0165
S09,2025-06-23,post_dispatch,delivery_delayed,1,121,0.0083
S09,2025-06-23,pre_dispatch,duplicate_order,1,121,0.0083
S09,2025-06-23,pre_dispatch,item_unavailable,3,121,0.0248
S09,2025-06-23,pre_dispatch,payment_issue,1,121,0.0083
S09,2025-06-30,post_dispatch,customer_unreachable,2,112,0.0179
S09,2025-06-30,pre_dispatch,customer_changed_mind,2,112,0.0179
S09,2025-06-30,pre_dispatch,duplicate_order,1,112,0.0089
S09,2025-06-30,pre_dispatch,item_unavailable,1,112,0.0089
S09,2025-06-30,pre_dispatch,payment_issue,1,112,0.0089
S09,2025-07-07,post_dispatch,delivery_delayed,1,120,0.0083
S09,2025-07-07,pre_dispatch,customer_changed_mind,1,120,0.0083
S09,2025-07-07,pre_dispatch,duplicate_order,1,120,0.0083
S09,2025-07-07,pre_dispatch,item_unavailable,1,120,0.0083
S09,2025-07-07,pre_dispatch,payment_issue,2,120,0.0167
S09,2025-07-14,pre_dispatch,customer_changed_mind,3,127,0.0236
S09,2025-07-14,pre_dispatch,duplicate_order,2,127,0.0157
S09,2025-07-14,pre_dispatch,item_unavailable,2,127,0.0157
S09,2025-07-14,pre_dispatch,payment_issue,4,127,0.0315
S09,2025-07-21,pre_dispatch,duplicate_order,4,106,0.0377
S09,2025-07-21,pre_dispatch,item_unavailable,2,106,0.0189
S09,2025-07-21,pre_dispatch,payment_issue,1,106,0.0094
S09,2025-07-28,pre_dispatch,customer_changed_mind,1,117,0.0085
S09,2025-07-28,pre_dispatch,duplicate_order,1,117,0.0085
S09,2025-07-28,pre_dispatch,payment_issue,2,117,0.0171
S09,2025-08-04,post_dispatch,customer_unreachable,2,122,0.0164
S09,2025-08-04,post_dispatch,delivery_delayed,1,122,0.0082
S09,2025-08-04,pre_dispatch,duplicate_order,2,122,0.0164
S09,2025-08-04,pre_dispatch,item_unavailable,3,122,0.0246
S09,2025-08-04,pre_dispatch,payment_issue,3,122,0.0246
S09,2025-08-11,pre_dispatch,duplicate_order,1,115,0.0087
S09,2025-08-11,pre_dispatch,item_unavailable,1,115,0.0087
S09,2025-08-11,pre_dispatch,payment_issue,2,115,0.0174
S09,2025-08-18,pre_dispatch,customer_changed_mind,5,115,0.0435
S09,2025-08-18,pre_dispatch,duplicate_order,1,115,0.0087
S09,2025-08-18,pre_dispatch,item_unavailable,1,115,0.0087
S09,2025-08-18,pre_dispatch,payment_issue,1,115,0.0087
S09,2025-08-25,post_dispatch,address_issue,1,131,0.0076
S09,2025-08-25,post_dispatch,customer_unreachable,1,131,0.0076
S09,2025-08-25,pre_dispatch,duplicate_order,1,131,0.0076
S09,2025-08-25,pre_dispatch,item_unavailable,1,131,0.0076
S09,2025-09-01,post_dispatch,customer_unreachable,1,126,0.0079
S09,2025-09-01,post_dispatch,delivery_delayed,1,126,0.0079
S09,2025-09-01,pre_dispatch,duplicate_order,1,126,0.0079
S09,2025-09-01,pre_dispatch,item_unavailable,2,126,0.0159
S09,2025-09-08,pre_dispatch,customer_changed_mind,1,97,0.0103
S09,2025-09-08,pre_dispatch,duplicate_order,2,97,0.0206
S09,2025-09-08,pre_dispatch,item_unavailable,3,97,0.0309
S09,2025-09-08,pre_dispatch,payment_issue,1,97,0.0103
S09,2025-09-15,pre_dispatch,duplicate_order,2,120,0.0167
S09,2025-09-15,pre_dispatch,item_unavailable,2,120,0.0167
S09,2025-09-15,pre_dispatch,payment_issue,2,120,0.0167
S09,2025-09-22,post_dispatch,customer_unreachable,1,136,0.0074
S09,2025-09-22,pre_dispatch,customer_changed_mind,3,136,0.0221
S09,2025-09-22,pre_dispatch,item_unavailable,1,136,0.0074
S09,2025-09-29,post_dispatch,customer_unreachable,1,37,0.027
S10,2025-03-31,pre_dispatch,customer_changed_mind,1,87,0.0115
S10,2025-03-31,pre_dispatch,duplicate_order,2,87,0.023
S10,2025-03-31,pre_dispatch,item_unavailable,3,87,0.0345
S10,2025-03-31,pre_dispatch,payment_issue,2,87,0.023
S10,2025-04-07,post_dispatch,delivery_delayed,2,90,0.0222
S10,2025-04-07,pre_dispatch,duplicate_order,1,90,0.0111
S10,2025-04-07,pre_dispatch,payment_issue,1,90,0.0111
S10,2025-04-14,pre_dispatch,duplicate_order,3,113,0.0265
S10,2025-04-14,pre_dispatch,item_unavailable,2,113,0.0177
S10,2025-04-21,pre_dispatch,customer_changed_mind,1,98,0.0102
S10,2025-04-21,pre_dispatch,duplicate_order,2,98,0.0204
S10,2025-04-21,pre_dispatch,item_unavailable,5,98,0.051
S10,2025-04-28,pre_dispatch,duplicate_order,3,87,0.0345
S10,2025-04-28,pre_dispatch,item_unavailable,1,87,0.0115
S10,2025-04-28,pre_dispatch,payment_issue,1,87,0.0115
S10,2025-05-05,post_dispatch,address_issue,1,85,0.0118
S10,2025-05-05,post_dispatch,customer_unreachable,1,85,0.0118
S10,2025-05-05,pre_dispatch,customer_changed_mind,2,85,0.0235
S10,2025-05-05,pre_dispatch,duplicate_order,4,85,0.0471
S10,2025-05-05,pre_dispatch,payment_issue,4,85,0.0471
S10,2025-05-12,post_dispatch,delivery_delayed,1,103,0.0097
S10,2025-05-12,pre_dispatch,customer_changed_mind,1,103,0.0097
S10,2025-05-19,post_dispatch,delivery_delayed,1,109,0.0092
S10,2025-05-19,pre_dispatch,customer_changed_mind,2,109,0.0183
S10,2025-05-19,pre_dispatch,item_unavailable,1,109,0.0092
S10,2025-05-19,pre_dispatch,payment_issue,1,109,0.0092
S10,2025-05-26,pre_dispatch,customer_changed_mind,2,93,0.0215
S10,2025-05-26,pre_dispatch,duplicate_order,1,93,0.0108
S10,2025-05-26,pre_dispatch,item_unavailable,3,93,0.0323
S10,2025-05-26,pre_dispatch,payment_issue,1,93,0.0108
S10,2025-06-02,post_dispatch,delivery_delayed,1,88,0.0114
S10,2025-06-02,pre_dispatch,customer_changed_mind,1,88,0.0114
S10,2025-06-02,pre_dispatch,duplicate_order,1,88,0.0114
S10,2025-06-02,pre_dispatch,item_unavailable,2,88,0.0227
S10,2025-06-09,pre_dispatch,customer_changed_mind,1,106,0.0094
S10,2025-06-09,pre_dispatch,duplicate_order,2,106,0.0189
S10,2025-06-09,pre_dispatch,item_unavailable,4,106,0.0377
S10,2025-06-16,post_dispatch,delivery_delayed,1,111,0.009
S10,2025-06-16,pre_dispatch,customer_changed_mind,1,111,0.009
S10,2025-06-16,pre_dispatch,duplicate_order,2,111,0.018
S10,2025-06-16,pre_dispatch,item_unavailable,2,111,0.018
S10,2025-06-16,pre_dispatch,payment_issue,2,111,0.018
S10,2025-06-23,post_dispatch,customer_unreachable,1,74,0.0135
S10,2025-06-23,pre_dispatch,customer_changed_mind,1,74,0.0135
S10,2025-06-23,pre_dispatch,duplicate_order,1,74,0.0135
S10,2025-06-23,pre_dispatch,item_unavailable,1,74,0.0135
S10,2025-06-23,pre_dispatch,payment_issue,1,74,0.0135
S10,2025-06-30,post_dispatch,customer_unreachable,3,116,0.0259
S10,2025-06-30,pre_dispatch,customer_changed_mind,3,116,0.0259
S10,2025-06-30,pre_dispatch,duplicate_order,2,116,0.0172
S10,2025-06-30,pre_dispatch,item_unavailable,4,116,0.0345
S10,2025-06-30,pre_dispatch,payment_issue,1,116,0.0086
S10,2025-07-07,post_dispatch,address_issue,1,96,0.0104
S10,2025-07-07,pre_dispatch,customer_changed_mind,3,96,0.0313
S10,2025-07-07,pre_dispatch,duplicate_order,2,96,0.0208
S10,2025-07-07,pre_dispatch,item_unavailable,2,96,0.0208
S10,2025-07-14,post_dispatch,customer_unreachable,2,92,0.0217
S10,2025-07-14,pre_dispatch,customer_changed_mind,1,92,0.0109
S10,2025-07-14,pre_dispatch,duplicate_order,4,92,0.0435
S10,2025-07-21,post_dispatch,delivery_delayed,1,112,0.0089
S10,2025-07-21,pre_dispatch,duplicate_order,2,112,0.0179
S10,2025-07-21,pre_dispatch,payment_issue,2,112,0.0179
S10,2025-07-28,post_dispatch,delivery_delayed,1,86,0.0116
S10,2025-07-28,pre_dispatch,customer_changed_mind,1,86,0.0116
S10,2025-07-28,pre_dispatch,duplicate_order,3,86,0.0349
S10,2025-07-28,pre_dispatch,item_unavailable,2,86,0.0233
S10,2025-08-04,post_dispatch,customer_unreachable,1,114,0.0088
S10,2025-08-04,post_dispatch,delivery_delayed,1,114,0.0088
S10,2025-08-04,pre_dispatch,customer_changed_mind,1,114,0.0088
S10,2025-08-04,pre_dispatch,duplicate_order,1,114,0.0088
S10,2025-08-04,pre_dispatch,item_unavailable,1,114,0.0088
S10,2025-08-04,pre_dispatch,payment_issue,3,114,0.0263
S10,2025-08-11,post_dispatch,address_issue,2,114,0.0175
S10,2025-08-11,pre_dispatch,item_unavailable,2,114,0.0175
S10,2025-08-11,pre_dispatch,payment_issue,1,114,0.0088
S10,2025-08-18,post_dispatch,address_issue,1,112,0.0089
S10,2025-08-18,post_dispatch,delivery_delayed,1,112,0.0089
S10,2025-08-18,pre_dispatch,customer_changed_mind,1,112,0.0089
S10,2025-08-18,pre_dispatch,duplicate_order,1,112,0.0089
S10,2025-08-18,pre_dispatch,item_unavailable,3,112,0.0268
S10,2025-08-18,pre_dispatch,payment_issue,1,112,0.0089
S10,2025-08-25,post_dispatch,address_issue,2,114,0.0175
S10,2025-08-25,post_dispatch,delivery_delayed,1,114,0.0088
S10,2025-08-25,pre_dispatch,customer_changed_mind,1,114,0.0088
S10,2025-08-25,pre_dispatch,duplicate_order,1,114,0.0088
S10,2025-08-25,pre_dispatch,item_unavailable,2,114,0.0175
S10,2025-08-25,pre_dispatch,payment_issue,2,114,0.0175
S10,2025-09-01,post_dispatch,customer_unreachable,1,98,0.0102
S10,2025-09-01,pre_dispatch,customer_changed_mind,2,98,0.0204
S10,2025-09-01,pre_dispatch,duplicate_order,2,98,0.0204
S10,2025-09-01,pre_dispatch,item_unavailable,3,98,0.0306
S10,2025-09-01,pre_dispatch,payment_issue,2,98,0.0204
S10,2025-09-08,post_dispatch,delivery_delayed,1,99,0.0101
S10,2025-09-08,pre_dispatch,duplicate_order,1,99,0.0101
S10,2025-09-08,pre_dispatch,item_unavailable,2,99,0.0202
S10,2025-09-08,pre_dispatch,payment_issue,1,99,0.0101
S10,2025-09-15,post_dispatch,address_issue,1,109,0.0092
S10,2025-09-15,post_dispatch,customer_unreachable,2,109,0.0183
S10,2025-09-15,post_dispatch,delivery_delayed,1,109,0.0092
S10,2025-09-15,pre_dispatch,duplicate_order,2,109,0.0183
S10,2025-09-15,pre_dispatch,item_unavailable,1,109,0.0092
S10,2025-09-15,pre_dispatch,payment_issue,1,109,0.0092
S10,2025-09-22,pre_dispatch,customer_changed_mind,2,99,0.0202
S10,2025-09-22,pre_dispatch,duplicate_order,2,99,0.0202
S10,2025-09-29,post_dispatch,address_issue,1,22,0.0455
S11,2025-03-31,post_dispatch,address_issue,1,115,0.0087
S11,2025-03-31,post_dispatch,customer_unreachable,1,115,0.0087
S11,2025-03-31,pre_dispatch,customer_changed_mind,2,115,0.0174
S11,2025-03-31,pre_dispatch,duplicate_order,1,115,0.0087
S11,2025-03-31,pre_dispatch,item_unavailable,1,115,0.0087
S11,2025-04-07,post_dispatch,customer_unreachable,1,135,0.0074
S11,2025-04-07,pre_dispatch,customer_changed_mind,1,135,0.0074
S11,2025-04-07,pre_dispatch,duplicate_order,4,135,0.0296
S11,2025-04-07,pre_dispatch,item_unavailable,4,135,0.0296
S11,2025-04-07,pre_dispatch,payment_issue,2,135,0.0148
S11,2025-04-14,pre_dispatch,duplicate_order,2,121,0.0165
S11,2025-04-14,pre_dispatch,item_unavailable,3,121,0.0248
S11,2025-04-14,pre_dispatch,payment_issue,2,121,0.0165
S11,2025-04-21,post_dispatch,address_issue,1,109,0.0092
S11,2025-04-21,pre_dispatch,duplicate_order,3,109,0.0275
S11,2025-04-21,pre_dispatch,item_unavailable,1,109,0.0092
S11,2025-04-21,pre_dispatch,payment_issue,1,109,0.0092
S11,2025-04-28,pre_dispatch,customer_changed_mind,1,118,0.0085
S11,2025-04-28,pre_dispatch,duplicate_order,1,118,0.0085
S11,2025-04-28,pre_dispatch,payment_issue,1,118,0.0085
S11,2025-05-05,post_dispatch,delivery_delayed,1,131,0.0076
S11,2025-05-05,pre_dispatch,customer_changed_mind,1,131,0.0076
S11,2025-05-05,pre_dispatch,duplicate_order,1,131,0.0076
S11,2025-05-05,pre_dispatch,item_unavailable,3,131,0.0229
S11,2025-05-05,pre_dispatch,payment_issue,4,131,0.0305
S11,2025-05-12,post_dispatch,customer_unreachable,2,148,0.0135
S11,2025-05-12,pre_dispatch,customer_changed_mind,3,148,0.0203
S11,2025-05-12,pre_dispatch,duplicate_order,3,148,0.0203
S11,2025-05-12,pre_dispatch,item_unavailable,1,148,0.0068
S11,2025-05-12,pre_dispatch,payment_issue,1,148,0.0068
S11,2025-05-19,post_dispatch,address_issue,2,129,0.0155
S11,2025-05-19,post_dispatch,customer_unreachable,1,129,0.0078
S11,2025-05-19,pre_dispatch,customer_changed_mind,4,129,0.031
S11,2025-05-19,pre_dispatch,duplicate_order,3,129,0.0233
S11,2025-05-19,pre_dispatch,item_unavailable,1,129,0.0078
S11,2025-05-19,pre_dispatch,payment_issue,1,129,0.0078
S11,2025-05-26,post_dispatch,delivery_delayed,1,153,0.0065
S11,2025-05-26,pre_dispatch,customer_changed_mind,2,153,0.0131
S11,2025-05-26,pre_dispatch,duplicate_order,3,153,0.0196
S11,2025-05-26,pre_dispatch,item_unavailable,1,153,0.0065
S11,2025-06-02,post_dispatch,address_issue,1,140,0.0071
S11,2025-06-02,post_dispatch,customer_unreachable,1,140,0.0071
S11,2025-06-02,pre_dispatch,customer_changed_mind,3,140,0.0214
S11,2025-06-02,pre_dispatch,duplicate_order,1,140,0.0071
S11,2025-06-09,post_dispatch,delivery_delayed,1,139,0.0072
S11,2025-06-09,pre_dispatch,customer_changed_mind,4,139,0.0288
S11,2025-06-09,pre_dispatch,duplicate_order,2,139,0.0144
S11,2025-06-09,pre_dispatch,item_unavailable,2,139,0.0144
S11,2025-06-09,pre_dispatch,payment_issue,6,139,0.0432
S11,2025-06-16,post_dispatch,address_issue,1,125,0.008
S11,2025-06-16,post_dispatch,delivery_delayed,1,125,0.008
S11,2025-06-16,pre_dispatch,customer_changed_mind,2,125,0.016
S11,2025-06-16,pre_dispatch,duplicate_order,4,125,0.032
S11,2025-06-16,pre_dispatch,item_unavailable,2,125,0.016
S11,2025-06-16,pre_dispatch,payment_issue,2,125,0.016
S11,2025-06-23,post_dispatch,customer_unreachable,1,131,0.0076
S11,2025-06-23,pre_dispatch,customer_changed_mind,1,131,0.0076
S11,2025-06-23,pre_dispatch,duplicate_order,2,131,0.0153
S11,2025-06-23,pre_dispatch,item_unavailable,2,131,0.0153
S11,2025-06-23,pre_dispatch,payment_issue,2,131,0.0153
S11,2025-06-30,post_dispatch,address_issue,1,143,0.007
S11,2025-06-30,post_dispatch,customer_unreachable,1,143,0.007
S11,2025-06-30,pre_dispatch,duplicate_order,5,143,0.035
S11,2025-06-30,pre_dispatch,item_unavailable,3,143,0.021
S11,2025-06-30,pre_dispatch,payment_issue,2,143,0.014
S11,2025-07-07,post_dispatch,delivery_delayed,1,136,0.0074
S11,2025-07-07,pre_dispatch,customer_changed_mind,4,136,0.0294
S11,2025-07-07,pre_dispatch,duplicate_order,1,136,0.0074
S11,2025-07-07,pre_dispatch,item_unavailable,2,136,0.0147
S11,2025-07-07,pre_dispatch,payment_issue,3,136,0.0221
S11,2025-07-14,post_dispatch,customer_unreachable,1,158,0.0063
S11,2025-07-14,pre_dispatch,customer_changed_mind,2,158,0.0127
S11,2025-07-14,pre_dispatch,duplicate_order,1,158,0.0063
S11,2025-07-14,pre_dispatch,item_unavailable,3,158,0.019
S11,2025-07-14,pre_dispatch,payment_issue,1,158,0.0063
S11,2025-07-21,post_dispatch,address_issue,1,155,0.0065
S11,2025-07-21,post_dispatch,delivery_delayed,2,155,0.0129
S11,2025-07-21,pre_dispatch,customer_changed_mind,4,155,0.0258
S11,2025-07-21,pre_dispatch,duplicate_order,5,155,0.0323
S11,2025-07-21,pre_dispatch,item_unavailable,1,155,0.0065
S11,2025-07-21,pre_dispatch,payment_issue,2,155,0.0129
S11,2025-07-28,pre_dispatch,customer_changed_mind,5,158,0.0316
S11,2025-07-28,pre_dispatch,duplicate_order,2,158,0.0127
S11,2025-07-28,pre_dispatch,item_unavailable,1,158,0.0063
S11,2025-07-28,pre_dispatch,payment_issue,1,158,0.0063
S11,2025-08-04,post_dispatch,address_issue,2,145,0.0138
S11,2025-08-04,post_dispatch,customer_unreachable,3,145,0.0207
S11,2025-08-04,pre_dispatch,customer_changed_mind,2,145,0.0138
S11,2025-08-04,pre_dispatch,duplicate_order,3,145,0.0207
S11,2025-08-04,pre_dispatch,item_unavailable,2,145,0.0138
S11,2025-08-11,post_dispatch,address_issue,1,154,0.0065
S11,2025-08-11,post_dispatch,customer_unreachable,1,154,0.0065
S11,2025-08-11,post_dispatch,delivery_delayed,1,154,0.0065
S11,2025-08-11,pre_dispatch,customer_changed_mind,4,154,0.026
S11,2025-08-11,pre_dispatch,duplicate_order,3,154,0.0195
S11,2025-08-11,pre_dispatch,item_unavailable,2,154,0.013
S11,2025-08-11,pre_dispatch,payment_issue,4,154,0.026
S11,2025-08-18,post_dispatch,customer_unreachable,1,156,0.0064
S11,2025-08-18,pre_dispatch,duplicate_order,2,156,0.0128
S11,2025-08-18,pre_dispatch,item_unavailable,1,156,0.0064
S11,2025-08-18,pre_dispatch,payment_issue,1,156,0.0064
S11,2025-08-25,post_dispatch,delivery_delayed,2,156,0.0128
S11,2025-08-25,pre_dispatch,customer_changed_mind,4,156,0.0256
S11,2025-08-25,pre_dispatch,item_unavailable,1,156,0.0064
S11,2025-09-01,post_dispatch,customer_unreachable,1,137,0.0073
S11,2025-09-01,post_dispatch,delivery_delayed,1,137,0.0073
S11,2025-09-01,pre_dispatch,customer_changed_mind,2,137,0.0146
S11,2025-09-01,pre_dispatch,duplicate_order,2,137,0.0146
S11,2025-09-01,pre_dispatch,item_unavailable,1,137,0.0073
S11,2025-09-01,pre_dispatch,payment_issue,2,137,0.0146
S11,2025-09-08,post_dispatch,customer_unreachable,2,166,0.012
S11,2025-09-08,pre_dispatch,customer_changed_mind,2,166,0.012
S11,2025-09-08,pre_dispatch,duplicate_order,2,166,0.012
S11,2025-09-08,pre_dispatch,item_unavailable,3,166,0.0181
S11,2025-09-08,pre_dispatch,payment_issue,2,166,0.012
S11,2025-09-15,post_dispatch,customer_unreachable,1,135,0.0074
S11,2025-09-15,post_dispatch,delivery_delayed,1,135,0.0074
S11,2025-09-15,pre_dispatch,customer_changed_mind,1,135,0.0074
S11,2025-09-15,pre_dispatch,duplicate_order,5,135,0.037
S11,2025-09-15,pre_dispatch,item_unavailable,1,135,0.0074
S11,2025-09-15,pre_dispatch,payment_issue,2,135,0.0148
S11,2025-09-22,post_dispatch,delivery_delayed,2,147,0.0136
S11,2025-09-22,pre_dispatch,customer_changed_mind,2,147,0.0136
S11,2025-09-22,pre_dispatch,item_unavailable,2,147,0.0136
S11,2025-09-22,pre_dispatch,payment_issue,3,147,0.0204
S11,2025-09-29,post_dispatch,customer_unreachable,1,33,0.0303
S11,2025-09-29,pre_dispatch,duplicate_order,2,33,0.0606
S12,2025-03-31,post_dispatch,customer_unreachable,1,88,0.0114
S12,2025-03-31,pre_dispatch,duplicate_order,3,88,0.0341
S12,2025-03-31,pre_dispatch,item_unavailable,1,88,0.0114
S12,2025-03-31,pre_dispatch,payment_issue,1,88,0.0114
S12,2025-04-07,post_dispatch,address_issue,1,97,0.0103
S12,2025-04-07,pre_dispatch,customer_changed_mind,1,97,0.0103
S12,2025-04-07,pre_dispatch,item_unavailable,1,97,0.0103
S12,2025-04-07,pre_dispatch,payment_issue,1,97,0.0103
S12,2025-04-14,post_dispatch,address_issue,1,92,0.0109
S12,2025-04-14,pre_dispatch,customer_changed_mind,1,92,0.0109
S12,2025-04-14,pre_dispatch,duplicate_order,3,92,0.0326
S12,2025-04-14,pre_dispatch,item_unavailable,1,92,0.0109
S12,2025-04-21,pre_dispatch,customer_changed_mind,2,84,0.0238
S12,2025-04-21,pre_dispatch,item_unavailable,2,84,0.0238
S12,2025-04-21,pre_dispatch,payment_issue,1,84,0.0119
S12,2025-04-28,post_dispatch,address_issue,1,95,0.0105
S12,2025-04-28,pre_dispatch,duplicate_order,1,95,0.0105
S12,2025-04-28,pre_dispatch,item_unavailable,1,95,0.0105
S12,2025-04-28,pre_dispatch,payment_issue,2,95,0.0211
S12,2025-05-05,post_dispatch,address_issue,1,108,0.0093
S12,2025-05-05,pre_dispatch,duplicate_order,2,108,0.0185
S12,2025-05-05,pre_dispatch,item_unavailable,1,108,0.0093
S12,2025-05-05,pre_dispatch,payment_issue,2,108,0.0185
S12,2025-05-12,post_dispatch,customer_unreachable,1,116,0.0086
S12,2025-05-12,pre_dispatch,duplicate_order,2,116,0.0172
S12,2025-05-12,pre_dispatch,payment_issue,1,116,0.0086
S12,2025-05-19,post_dispatch,customer_unreachable,1,98,0.0102
S12,2025-05-19,pre_dispatch,customer_changed_mind,1,98,0.0102
S12,2025-05-19,pre_dispatch,duplicate_order,2,98,0.0204
S12,2025-05-19,pre_dispatch,item_unavailable,4,98,0.0408
S12,2025-05-19,pre_dispatch,payment_issue,1,98,0.0102
S12,2025-05-26,pre_dispatch,customer_changed_mind,1,97,0.0103
S12,2025-05-26,pre_dispatch,item_unavailable,1,97,0.0103
S12,2025-05-26,pre_dispatch,payment_issue,1,97,0.0103
S12,2025-06-02,pre_dispatch,customer_changed_mind,4,108,0.037
S12,2025-06-02,pre_dispatch,duplicate_order,1,108,0.0093
S12,2025-06-02,pre_dispatch,item_unavailable,2,108,0.0185
S12,2025-06-09,post_dispatch,address_issue,1,115,0.0087
S12,2025-06-09,pre_dispatch,customer_changed_mind,1,115,0.0087
S12,2025-06-09,pre_dispatch,payment_issue,1,115,0.0087
S12,2025-06-16,post_dispatch,delivery_delayed,1,108,0.0093
S12,2025-06-16,pre_dispatch,customer_changed_mind,1,108,0.0093
S12,2025-06-16,pre_dispatch,payment_issue,4,108,0.037
S12,2025-06-23,pre_dispatch,customer_changed_mind,1,113,0.0088
S12,2025-06-23,pre_dispatch,duplicate_order,4,113,0.0354
S12,2025-06-23,pre_dispatch,item_unavailable,1,113,0.0088
S12,2025-06-30,pre_dispatch,customer_changed_mind,2,105,0.019
S12,2025-06-30,pre_dispatch,item_unavailable,1,105,0.0095
S12,2025-07-07,post_dispatch,address_issue,1,115,0.0087
S12,2025-07-07,post_dispatch,customer_unreachable,1,115,0.0087
S12,2025-07-07,post_dispatch,delivery_delayed,1,115,0.0087
S12,2025-07-07,pre_dispatch,customer_changed_mind,2,115,0.0174
S12,2025-07-07,pre_dispatch,duplicate_order,1,115,0.0087
S12,2025-07-07,pre_dispatch,item_unavailable,2,115,0.0174
S12,2025-07-14,post_dispatch,address_issue,1,97,0.0103
S12,2025-07-14,post_dispatch,customer_unreachable,1,97,0.0103
S12,2025-07-14,pre_dispatch,customer_changed_mind,1,97,0.0103
S12,2025-07-14,pre_dispatch,item_unavailable,1,97,0.0103
S12,2025-07-21,post_dispatch,delivery_delayed,1,102,0.0098
S12,2025-07-21,pre_dispatch,duplicate_order,1,102,0.0098
S12,2025-07-21,pre_dispatch,item_unavailable,1,102,0.0098
S12,2025-07-28,post_dispatch,address_issue,1,91,0.011
S12,2025-07-28,post_dispatch,delivery_delayed,1,91,0.011
S12,2025-07-28,pre_dispatch,customer_changed_mind,1,91,0.011
S12,2025-07-28,pre_dispatch,duplicate_order,1,91,0.011
S12,2025-07-28,pre_dispatch,item_unavailable,2,91,0.022
S12,2025-07-28,pre_dispatch,payment_issue,1,91,0.011
S12,2025-08-04,post_dispatch,address_issue,2,87,0.023
S12,2025-08-04,post_dispatch,delivery_delayed,2,87,0.023
S12,2025-08-04,pre_dispatch,item_unavailable,2,87,0.023
S12,2025-08-11,post_dispatch,customer_unreachable,2,117,0.0171
S12,2025-08-11,post_dispatch,delivery_delayed,1,117,0.0085
S12,2025-08-11,pre_dispatch,customer_changed_mind,1,117,0.0085
S12,2025-08-11,pre_dispatch,duplicate_order,3,117,0.0256
S12,2025-08-11,pre_dispatch,item_unavailable,2,117,0.0171
S12,2025-08-18,pre_dispatch,customer_changed_mind,2,105,0.019
S12,2025-08-18,pre_dispatch,duplicate_order,1,105,0.0095
S12,2025-08-18,pre_dispatch,item_unavailable,2,105,0.019
S12,2025-08-18,pre_dispatch,payment_issue,2,105,0.019
S12,2025-08-25,post_dispatch,address_issue,1,106,0.0094
S12,2025-08-25,pre_dispatch,duplicate_order,3,106,0.0283
S12,2025-08-25,pre_dispatch,item_unavailable,1,106,0.0094
S12,2025-08-25,pre_dispatch,payment_issue,2,106,0.0189
S12,2025-09-01,post_dispatch,address_issue,1,131,0.0076
S12,2025-09-01,post_dispatch,customer_unreachable,1,131,0.0076
S12,2025-09-01,post_dispatch,delivery_delayed,4,131,0.0305
S12,2025-09-01,pre_dispatch,customer_changed_mind,2,131,0.0153
S12,2025-09-01,pre_dispatch,duplicate_order,3,131,0.0229
S12,2025-09-01,pre_dispatch,payment_issue,2,131,0.0153
S12,2025-09-08,post_dispatch,address_issue,1,126,0.0079
S12,2025-09-08,post_dispatch,customer_unreachable,1,126,0.0079
S12,2025-09-08,pre_dispatch,customer_changed_mind,1,126,0.0079
S12,2025-09-15,post_dispatch,address_issue,1,95,0.0105
S12,2025-09-15,post_dispatch,delivery_delayed,1,95,0.0105
S12,2025-09-15,pre_dispatch,duplicate_order,1,95,0.0105
S12,2025-09-15,pre_dispatch,item_unavailable,2,95,0.0211
S12,2025-09-15,pre_dispatch,payment_issue,3,95,0.0316
S12,2025-09-22,pre_dispatch,customer_changed_mind,2,112,0.0179
S12,2025-09-22,pre_dispatch,item_unavailable,2,112,0.0179
S12,2025-09-22,pre_dispatch,payment_issue,1,112,0.0089
S12,2025-09-29,post_dispatch,address_issue,1,25,0.04
