chunk_id,doc_id,doc_type,doc_title,section,text,words,source,doc_sha
POL-INV-01,POL-INV,policy,Inventory Policy,Overview,Policy ID: POL-INV · Owner: Inventory & Supply Chain · Applies to: all dark stores · Version 1.0 (Apr 2025) This policy governs stock of focus SKUs in the Quick-Commerce Intelligence demo network (synthetic data).,35,policies/inventory.md,cda486405571cb41
POL-INV-02,POL-INV,policy,Inventory Policy,1. Scope,"The policy covers the 25 focus SKUs of each dark store: the store's most popular products, which drive most orders and availability complaints. 12 stores × 25 focus SKUs = 300 store × SKU pairs. Other products are replenished centrally and are outside this policy. The goal is simple: keep focus SKUs on the shelf without over-stocking. A stockout on a focus SKU is treated as a service failure, because the shopper may cancel the order or buy elsewhere.",79,policies/inventory.md,cda486405571cb41
POL-INV-03,POL-INV,policy,Inventory Policy,2. Stock risk tiers,"Every focus SKU gets a risk tier each night, from closing stock, the reorder level and the demand forecast. High risk: stock is zero, or forecast demand over the next 3 days (supplier lead time of 2 days plus 1 day) is greater than or equal to the stock on hand. The SKU will very likely run out before a delivery can arrive. Medium risk: stock is at or below the reorder level, or less than 3 days of inventory remain. Low risk: none of the above. High-risk SKUs must be reviewed the same day. Medium-risk SKUs must be reordered in the next nightly cycle.",105,policies/inventory.md,cda486405571cb41
POL-INV-04,POL-INV,policy,Inventory Policy,3. Reorder rules,"The reorder level of a SKU is set from its average daily demand: reorder level = 3 × average daily demand, rounded up, plus 1 unit. Stock is checked every night at 22:00 IST. When stock is at or below the reorder level and no delivery is already pending, a replenishment order is placed. Only one replenishment order may be open per store × SKU at a time. A SKU with fewer than 3 days of inventory (closing stock ÷ average daily units over the last 14 days) is reordered even if it is above its reorder level.",98,policies/inventory.md,cda486405571cb41
POL-INV-05,POL-INV,policy,Inventory Policy,4. Order quantity,"Stores replenish up to an order-up-to level: reorder level + 7 days of average demand + 2 units. When the forecast is available, the suggested order quantity is: forecast demand over the lead time and review period (2 + 1 days) + safety stock − current stock, rounded up and never negative. Safety stock = 1.65 × standard deviation of daily units over the last 28 days × √2, which targets a 95% service level. Suggested quantities are advisory: the store manager approves every order.",85,policies/inventory.md,cda486405571cb41
POL-INV-06,POL-INV,policy,Inventory Policy,5. Supplier lead time,"Suppliers deliver 1–2 days after an order is placed. Planning uses a 2-day lead time (the worst normal case). A delivery that has not arrived within 3 days is escalated to the supplier manager. During a known supplier outage, affected SKUs are marked High risk and substitutes are promoted in the app.",52,policies/inventory.md,cda486405571cb41
POL-INV-07,POL-INV,policy,Inventory Policy,6. Stock counts and write-offs,"Each store counts every focus SKU once a week, on Monday at 06:00 IST. The count is the source of truth: calculated stock is reset to the counted figure. A gap between counted and calculated stock above 2 units for the same SKU in two consecutive weeks must be investigated. Damaged or expired units are written off on the day they are found and recorded as damage events; adjustments after a count are recorded as adjustment events.",77,policies/inventory.md,cda486405571cb41
POL-INV-08,POL-INV,policy,Inventory Policy,7. Stockouts and lost sales,"A stockout day is any day on which a focus SKU's stock reached zero. Lost sales are estimated as the units the SKU normally sells on in-stock days (average of the previous 28 days) minus the units it actually sold, multiplied by the price. The estimate is reported before substitutes, so the store as a whole loses less. Stores with the highest lost sales are reviewed monthly.",67,policies/inventory.md,cda486405571cb41
POL-INV-09,POL-INV,policy,Inventory Policy,8. Escalation,More than 2 High-risk SKUs at one store at the end of a day: the store manager is notified. The same SKU out of stock on more than 3 days in a month: the reorder level is reviewed. A planned supplier outage: affected stores are told in advance and buffer stock is raised.,53,policies/inventory.md,cda486405571cb41
POL-DEL-01,POL-DEL,policy,Delivery Policy,Overview,Policy ID: POL-DEL · Owner: Operations · Applies to: all dark stores and delivery partners · Version 1.0 (Apr 2025) This policy governs last-mile delivery in the Quick-Commerce Intelligence demo network (synthetic data).,33,policies/delivery.md,dec2f9d6a547795f
POL-DEL-02,POL-DEL,policy,Delivery Policy,1. Delivery promise,"Every order is promised within 15 minutes of pickup by the delivery partner. This is the delivery SLA (service level agreement). Typical delivery takes about 14 minutes, so the promise leaves little room: rain, traffic and peak hours push many deliveries past 15 minutes. The promise applies to every store and every order size.",54,policies/delivery.md,dec2f9d6a547795f
POL-DEL-03,POL-DEL,policy,Delivery Policy,2. Measuring on-time delivery,"On-time delivery rate = orders delivered within 15 minutes of pickup ÷ orders delivered. It is measured per store and per day. The 90th-percentile delivery time is also tracked, because the average hides the slowest deliveries. Failed deliveries and orders cancelled in transit are reported separately and are not counted as delivered.",52,policies/delivery.md,dec2f9d6a547795f
POL-DEL-04,POL-DEL,policy,Delivery Policy,3. Late and failed deliveries,"A delivery is late when it takes more than 15 minutes from pickup. A delivery fails when the partner cannot hand over the order (customer unreachable, address issue). Customers with a late delivery are informed in the app; repeated lateness at a store is reviewed by operations. A failed delivery is returned to the store; prepaid orders are refunded under the Refund Policy.",63,policies/delivery.md,dec2f9d6a547795f
POL-DEL-05,POL-DEL,policy,Delivery Policy,4. Delivery partners,Each store works with about 10 delivery partners. Only partners with an active status can be assigned orders. Partners are assigned in order of availability. A partner whose deliveries are repeatedly late is reviewed with the store manager.,38,policies/delivery.md,dec2f9d6a547795f
POL-DEL-06,POL-DEL,policy,Delivery Policy,5. Store performance review,"Stores are reviewed weekly on: on-time rate, average delivery minutes, 90th-percentile delivery minutes, failed deliveries and in-transit cancellations. A store in the bottom three on on-time rate for two consecutive weeks must present an improvement plan, for example more partners at peak hours or a smaller delivery radius.",48,policies/delivery.md,dec2f9d6a547795f
POL-CAN-01,POL-CAN,policy,Cancellation Policy,Overview,Policy ID: POL-CAN · Owner: Operations and Customer Service · Applies to: all orders · Version 1.0 (Apr 2025) This policy governs order cancellations in the Quick-Commerce Intelligence demo network (synthetic data).,32,policies/cancellation.md,2e7d6f6be3464750
POL-CAN-02,POL-CAN,policy,Cancellation Policy,1. Before and after dispatch,A cancellation is classified by when it happens: Before dispatch (about 79% of cancellations): the order has not left the store. Stock is not consumed and no delivery is attempted. After dispatch (about 21%): the order is already with a delivery partner. The delivery is stopped and the goods return to the store. A normal cancellation rate is about 7% of orders placed. A store or day above 10% is investigated.,71,policies/cancellation.md,2e7d6f6be3464750
POL-CAN-03,POL-CAN,policy,Cancellation Policy,2. Allowed reasons,"Every cancellation must record one reason. Before dispatch: customer changed mind, item unavailable, payment issue, duplicate order. After dispatch: delivery delayed, customer unreachable, address issue. Before-dispatch reasons are mostly customer-side; after-dispatch reasons are delivery-side and count against the store's delivery performance.",41,policies/cancellation.md,2e7d6f6be3464750
POL-CAN-04,POL-CAN,policy,Cancellation Policy,3. Customer communication,"The customer is told about the cancellation in the app immediately, with the reason. When the store cancels because an item is unavailable, the app offers a substitute or a refund of that item. Prepaid orders cancelled after dispatch are refunded in full under the Refund Policy; cash-on-delivery orders are not charged.",52,policies/cancellation.md,2e7d6f6be3464750
POL-CAN-05,POL-CAN,policy,Cancellation Policy,4. Monitoring,"Cancellations are reported weekly per store and reason, together with the share of orders placed. Item-unavailable cancellations are shared with the inventory team, because they usually point to a stockout. Delivery-side cancellations are reviewed with the delivery performance of the store.",41,policies/cancellation.md,2e7d6f6be3464750
POL-REF-01,POL-REF,policy,Refund Policy,Overview,Policy ID: POL-REF · Owner: Finance and Customer Service · Applies to: all prepaid orders · Version 1.0 (Apr 2025) This policy governs refunds in the Quick-Commerce Intelligence demo network (synthetic data).,32,policies/refund.md,ccea1c6f8bc1cda7
POL-REF-02,POL-REF,policy,Refund Policy,1. Eligibility,"A refund is issued when: a prepaid order is cancelled after dispatch: the full order amount is refunded; a delivered item is damaged, missing, of poor quality or expired: the amount of that item's line is refunded. Cash-on-delivery orders that were not delivered are not charged, so they need no refund. About 5% of orders lead to a refund.",59,policies/refund.md,ccea1c6f8bc1cda7
POL-REF-03,POL-REF,policy,Refund Policy,2. Timelines,"Full refunds for orders cancelled after dispatch are issued within 48 hours of the cancellation. Item refunds must be requested within 72 hours of delivery and are issued once approved. A refund is recorded with a status (pending, completed or rejected); only completed refunds reduce revenue.",46,policies/refund.md,ccea1c6f8bc1cda7
POL-REF-04,POL-REF,policy,Refund Policy,3. Refund amount limit,"A refund can never exceed the payment it refunds. A refund record with an amount above the successful payment of its order is financially impossible: it is rejected by data quality checks and sent to quarantine, not counted. One order can have at most the payment amount refunded in total.",50,policies/refund.md,ccea1c6f8bc1cda7
POL-REF-05,POL-REF,policy,Refund Policy,4. Effect on revenue,"Net revenue = gross merchandise value − promotion discounts − completed refunds. Refunds are counted on the date the refund was made, not the date of the original order. For that reason, refunds are not included in average order value.",40,policies/refund.md,ccea1c6f8bc1cda7
POL-PRO-01,POL-PRO,policy,Promotion Policy,Overview,Policy ID: POL-PRO · Owner: Growth & Marketing · Applies to: all promotions · Version 1.0 (Apr 2025) This policy governs promotions in the Quick-Commerce Intelligence demo network (synthetic data).,30,policies/promotion.md,f246e77fc443d3bc
POL-PRO-02,POL-PRO,policy,Promotion Policy,1. Promotion types and approval,"Promotions are category-wide percentage discounts (for example ""Dairy 15% off"") that run in all stores for a fixed window. Every promotion needs approval from the marketing manager before it starts, with its category, discount, start date and end date. About 20% of orders use a promotion.",46,policies/promotion.md,f246e77fc443d3bc
POL-PRO-03,POL-PRO,policy,Promotion Policy,2. Discount limits,"Discounts are set in steps of 5%, from 5% to 30%. A discount above 30% is not allowed; a promotion record outside 0–100% is invalid and rejected by data quality checks. A promotion runs for 3 to 14 days. Only one promotion per category may run at a time.",49,policies/promotion.md,f246e77fc443d3bc
POL-PRO-04,POL-PRO,policy,Promotion Policy,3. Measuring uplift,"Uplift compares the promoted category's average daily units (all stores) during the promotion with its average on days without any promotion: uplift % = (promotion daily units − baseline daily units) ÷ baseline × 100. Discount cost is the total discount given on completed orders that used the promotion. This is a before / after comparison, not a controlled experiment: seasonality, weather and other events also move sales.",68,policies/promotion.md,f246e77fc443d3bc
POL-PRO-05,POL-PRO,policy,Promotion Policy,4. Reviewing and stopping promotions,"Every promotion is reviewed after it ends, on uplift, discount cost and orders that used it. A promotion with negative uplift, or uplift too small to cover its discount cost, should not be repeated in the same form. Deal-seeking customers respond most to promotions; premium customers respond least, so promotions are better targeted at deal-seeking segments.",56,policies/promotion.md,f246e77fc443d3bc
MET-DEF-01,MET-DEF,metric,Metric Definitions,Completed order,"Metric: Completed order; Definition: An order that was delivered, has a successful payment and was not cancelled.; Formula: slvorders.iscompleted.",19,docs/metric_definitions.md,938daf9b60adfe33
MET-DEF-02,MET-DEF,metric,Metric Definitions,Line revenue,"Metric: Line revenue; Definition: Revenue of one order line. Uses the catalog price when the line's unit price was flagged (dqunitpricemismatch), otherwise the recorded line amount.; Formula: quantity × (catalog price if flagged else unitprice).",35,docs/metric_definitions.md,938daf9b60adfe33
MET-DEF-03,MET-DEF,metric,Metric Definitions,GMV,"Metric: GMV; Definition: Gross merchandise value of completed orders, before discounts.; Formula: Σ line revenue (completed orders).",17,docs/metric_definitions.md,938daf9b60adfe33
MET-DEF-04,MET-DEF,metric,Metric Definitions,Discount,Metric: Discount; Definition: Promotion discounts on completed orders.; Formula: Σ orderpromotions.discountamount (completed orders).,13,docs/metric_definitions.md,938daf9b60adfe33
MET-DEF-05,MET-DEF,metric,Metric Definitions,Refunds,"Metric: Refunds; Definition: Refunds with status completed, counted on the refund's business date.; Formula: Σ returnsrefunds.amount where status = completed.",20,docs/metric_definitions.md,938daf9b60adfe33
MET-DEF-06,MET-DEF,metric,Metric Definitions,Net revenue,Metric: Net revenue; Definition: What the business keeps.; Formula: GMV − Discount − Refunds.,14,docs/metric_definitions.md,938daf9b60adfe33
MET-DEF-07,MET-DEF,metric,Metric Definitions,Order value,Metric: Order value; Definition: Value of a completed order at checkout.; Formula: order GMV − order discount.,17,docs/metric_definitions.md,938daf9b60adfe33
MET-DEF-08,MET-DEF,metric,Metric Definitions,Average order value (AOV),"Metric: Average order value (AOV); Definition: Average checkout value of completed orders. Refunds are not included because they are dated by refund date, not order date.; Formula: (GMV − Discount) ÷ completed orders.",33,docs/metric_definitions.md,938daf9b60adfe33
MET-DEF-09,MET-DEF,metric,Metric Definitions,Units,Metric: Units; Definition: Items sold in completed orders.; Formula: Σ quantity (completed orders).,13,docs/metric_definitions.md,938daf9b60adfe33
MET-DEF-10,MET-DEF,metric,Metric Definitions,Orders placed,"Metric: Orders placed; Definition: Every order in Silver, whatever its outcome.; Formula: count(orders).",13,docs/metric_definitions.md,938daf9b60adfe33
MET-DEF-11,MET-DEF,metric,Metric Definitions,Cancellation rate,Metric: Cancellation rate; Definition: Share of placed orders that were cancelled.; Formula: cancelled orders ÷ orders placed.,17,docs/metric_definitions.md,938daf9b60adfe33
MET-DEF-12,MET-DEF,metric,Metric Definitions,On-time delivery rate,Metric: On-time delivery rate; Definition: Share of delivered orders delivered within the SLA (15 minutes from pickup).; Formula: delivered with deliveryminutes ≤ 15 ÷ delivered.,25,docs/metric_definitions.md,938daf9b60adfe33
MET-DEF-13,MET-DEF,metric,Metric Definitions,Units sold (inventory),Metric: Units sold (inventory); Definition: Units leaving stock: every order line of a focus SKU except orders cancelled before dispatch.; Formula: Σ quantity (orders not pre-dispatch cancelled).,27,docs/metric_definitions.md,938daf9b60adfe33
MET-DEF-14,MET-DEF,metric,Metric Definitions,Days of inventory,Metric: Days of inventory; Definition: How many days the closing stock lasts at the recent sales rate. Empty when there were no sales in the last 14 days (never infinite).; Formula: closing stock ÷ average daily units sold (last 14 days).,41,docs/metric_definitions.md,938daf9b60adfe33
MET-DEF-15,MET-DEF,metric,Metric Definitions,Stockout day,Metric: Stockout day; Definition: A day on which a focus SKU's stock reached zero at any point.; Formula: min stock during the day ≤ 0.,25,docs/metric_definitions.md,938daf9b60adfe33
MET-DEF-16,MET-DEF,metric,Metric Definitions,Lost sales (estimate),"Metric: Lost sales (estimate); Definition: Units and revenue a focus SKU would have sold on its stockout days. Revenue lost for that SKU, before any substitute the shopper bought instead.; Formula: max(0, avg daily units on in-stock days of the previous 28 days − units sold) × catalog price.",49,docs/metric_definitions.md,938daf9b60adfe33
MET-DEF-17,MET-DEF,metric,Metric Definitions,Bulk order,Metric: Bulk order; Definition: An order with any line of 8 or more units (normal lines are 1–5).; Formula: max(quantity) ≥ 8.,22,docs/metric_definitions.md,938daf9b60adfe33
MET-DEF-18,MET-DEF,metric,Metric Definitions,Support / confidence / lift,Metric: Support / confidence / lift; Definition: Basket association between products A and B over completed orders.; Formula: support = baskets(A∧B) ÷ baskets; confidence(A→B) = baskets(A∧B) ÷ baskets(A); lift = confidence(A→B) ÷ (baskets(B) ÷ baskets).,35,docs/metric_definitions.md,938daf9b60adfe33
MC-FCST-01,MC-FCST,method,5. Demand Forecasting (Phase 4B),Overview,"Status: complete · Code: src/ml/forecasting/, src/ml/evaluation.py, src/ml/tables.py · Run: python -m scripts.runpipeline --stages ml Outputs (columns in goldcatalog.md): glddemandpredictions, gldskudemandforecast, gldforecastmetrics, gldforecastfeatureimportance",22,docs/05_demand_forecasting.md,464cc9e1e53621f7
MC-FCST-02,MC-FCST,method,5. Demand Forecasting (Phase 4B),Question answered,"How many units will each store sell in each category over the next 7 days? Also per focus SKU, which the stockout-risk step (4C) needs.",25,docs/05_demand_forecasting.md,464cc9e1e53621f7
MC-FCST-03,MC-FCST,method,5. Demand Forecasting (Phase 4B),Data,"glddemandfeatures: 240 series (12 stores × 20 categories) × 183 days, zero-filled. Lags and rolling statistics use only earlier days (no leakage; verified in Gold and again here). Split: Train; Dates: 1 Apr – 31 Aug 2025 (first 14 days dropped: incomplete lags); Rows: 33,360. Split: Test (backtest); Dates: 1 – 30 Sep 2025, never seen in training; Rows: 7,200. ML runs in pandas + scikit-learn, not Spark: the table is small, and the plan uses Python where data is bounded.",81,docs/05_demand_forecasting.md,464cc9e1e53621f7
MC-FCST-04,MC-FCST,method,5. Demand Forecasting (Phase 4B),Models,"Model: Baseline: seasonal naive; How it forecasts: same weekday one week earlier. Model: Baseline: moving average; How it forecasts: mean of the last 7 days (flat for all 7 days ahead). Model: Main model; How it forecasts: one HistGradientBoostingRegressor across all 240 series, Poisson loss (daily unit counts). Model: Uncertainty band; How it forecasts: two more gradient-boosting models with quantile loss (10th and 90th percentile). Features (17): lag 1/7/14, rolling mean 7/14, rolling std 7, day of week, weekend, holiday, month, day of month, promotion active, rainfall, temperature, yesterday's stockout share, store, category. Stockout days are down-weighted in training (weight = 1 − 0.5 × stockout share), because sales on those days understate real demand. Recursive multi-day forecasting: for day 2–7 the model's own forecasts fill the lag / rolling features, which is exactly how the forecast is used live.",140,docs/05_demand_forecasting.md,464cc9e1e53621f7
MC-FCST-05,MC-FCST,method,5. Demand Forecasting (Phase 4B),Evaluation,"The backtest model (trained on Apr–Aug) forecasts 1–7 days ahead from every day of September: 45,360 forecasts next to the actuals and both baselines. Metrics: MAE, RMSE, WAPE (Σ|error| ÷ Σ actual, the headline), bias, and band coverage. Rule from the plan: the model counts as useful only if it beats both baselines on WAPE.",55,docs/05_demand_forecasting.md,464cc9e1e53621f7
MC-FCST-06,MC-FCST,method,5. Demand Forecasting (Phase 4B),Results (part 1),"WAPE (lower is better): Store × category, 1 day ahead; Model: 0.621; Moving average: 0.686; Seasonal naive: 0.873. WAPE (lower is better): Store × category, all horizons 1–7; Model: 0.619; Moving average: 0.689; Seasonal naive: 0.866. WAPE (lower is better): Focus SKU, all horizons; Model: 0.878; Moving average: 0.949; Seasonal naive: —. Is 0.62 good? Context matters. An average store-category-day sells only 3.3 units (17% of days sell nothing), so a large part of the error is pure randomness no model can predict. We measured how good a perfect model could be on this data: Reference point: Seasonal naive; WAPE: 0.87. Reference point: Moving average (best baseline); WAPE: 0.69. Reference point: Our model; WAPE: 0.62. Reference point: Perfect model, if each sale were 1 unit (plain Poisson noise); WAPE: 0.44. Reference point: Perfect model, realistic (each order line sells 1–5 units, as in the data); WAPE: ≈ 0.58. The model closes roughly two-thirds of the gap between the best baseline",160,docs/05_demand_forecasting.md,464cc9e1e53621f7
MC-FCST-07,MC-FCST,method,5. Demand Forecasting (Phase 4B),Results (part 2),"Reference point: Perfect model, realistic (each order line sells 1–5 units, as in the data); WAPE: ≈ 0.58. The model closes roughly two-thirds of the gap between the best baseline and the best achievable result. The remaining error is mostly irreducible noise, not a model weakness. Other result: Error growth from 1 → 7 days ahead; Value: 0.621 → 0.623; Meaning: almost none: demand here depends on calendar/level, not on recent days, so recursion adds little error. Other result: 10–90% band coverage; Value: 86.6% (target 80%); Meaning: the band is honest, slightly cautious. Other result: Bias; Value: −7%; Meaning: slight under-forecast, likely from down-weighting stockout days. Other result: MAE (1 day); Value: 2.06 units. What the model learned (permutation importance, September): Rank: 1–2; Feature: category, store; Interpretation: demand level differs by category and store size. Rank: 3; Feature: day of week; Interpretation: the planted weekend effect (weekends +30%). Rank: 4; Feature: promotion active; Interpretation: the planted promotion boost. Rank: 7;",160,docs/05_demand_forecasting.md,464cc9e1e53621f7
MC-FCST-08,MC-FCST,method,5. Demand Forecasting (Phase 4B),Results (part 3),"by category and store size. Rank: 3; Feature: day of week; Interpretation: the planted weekend effect (weekends +30%). Rank: 4; Feature: promotion active; Interpretation: the planted promotion boost. Rank: 7; Feature: rainfall; Interpretation: the planted monsoon effect (rainy days +14%). Rank: low; Feature: lag features; Interpretation: recent days carry little extra signal in this data. The three planted demand drivers are recognised, which is a check that the model learned real structure rather than noise.",75,docs/05_demand_forecasting.md,464cc9e1e53621f7
MC-FCST-09,MC-FCST,method,5. Demand Forecasting (Phase 4B),SKU-level forecast (for stockout risk),"Each focus SKU's daily demand = category forecast × the SKU's share of the category over the 28 days before the forecast was made (top-down split). Simple and explainable; it beats the SKU moving average (0.878 vs 0.949). SKU demand is sparse (~0.9 units/day), so SKU-level error is naturally higher.",50,docs/05_demand_forecasting.md,464cc9e1e53621f7
MC-FCST-10,MC-FCST,method,5. Demand Forecasting (Phase 4B),Outputs,"Table: glddemandpredictions; Rows: 47,040; Content: September backtest (forecast, band, both baselines, actual) + live forecast for 1–7 Oct 2025. Table: gldskudemandforecast; Rows: 58,800; Content: the same per store × focus SKU. Table: gldforecastmetrics; Rows: 520; Content: MAE / RMSE / WAPE / bias / coverage by model, horizon and category. Table: gldforecastfeatureimportance; Rows: 17; Content: importance per feature. Table: data/ml/models/demandforecast/ /; Rows: 2 files; Content: backtest model (trained to 31 Aug) and production model (refit to 30 Sep), joblib. Table: metamodelruns, metamodelmetrics; Content: model registry: method, training window, features, parameters, metrics, artifact, limitations.",93,docs/05_demand_forecasting.md,464cc9e1e53621f7
MC-FCST-11,MC-FCST,method,5. Demand Forecasting (Phase 4B),Model card,"Purpose: Method; 1–7 day demand forecast per store × category (and focus SKU) for inventory planning: HistGradientBoostingRegressor, Poisson loss; quantile models for the 10–90% band. Purpose: Training data; 1–7 day demand forecast per store × category (and focus SKU) for inventory planning: glddemandfeatures, Apr–Aug (backtest) / Apr–Sep (production), synthetic. Purpose: Evaluation; 1–7 day demand forecast per store × category (and focus SKU) for inventory planning: September backtest from every day, 1–7 days ahead, vs two baselines. Purpose: Headline; 1–7 day demand forecast per store × category (and focus SKU) for inventory planning: WAPE 0.62 vs 0.69 (best baseline); realistic floor ≈ 0.58. Purpose: Limitations; 1–7 day demand forecast per store × category (and focus SKU) for inventory planning: synthetic data; ~3 units per cell so daily error is high; future weather assumed = last 7-day average; no promotions assumed after the data ends; holiday dates approximate and no holiday effect planted; backtest model not refit during September; slight under-forecast bias. Purpose: Intended use; 1–7 day demand forecast per store × category (and focus SKU) for inventory planning: advisory input to stockout risk and replenishment; not for automated ordering.",188,docs/05_demand_forecasting.md,464cc9e1e53621f7
MC-FCST-12,MC-FCST,method,5. Demand Forecasting (Phase 4B),How it is verified,"python -m scripts.checkml: 6/6 checks. 1. Predictions complete: actuals for every backtest row, 7 future days for every series, no duplicate keys. 2. Model beats both baselines (category and SKU). 3. Band honest: lower ≤ forecast ≤ upper everywhere; coverage 70–95%. 4. No train/test overlap: backtest model trained up to 31 Aug, tested from 1 Sep. 5. Registry filled and both model files load. 6. Planted drivers recognised (weekday top 5, promotion and rain top 10). tests/integration/testml.py (small profile): structural checks, future forecast starts right after the data, SKU forecast = category forecast × share, and recursive forecasting never sees the future (changing actual sales after the origin does not change the forecast).",113,docs/05_demand_forecasting.md,464cc9e1e53621f7
MC-FCST-13,MC-FCST,method,5. Demand Forecasting (Phase 4B),Problems found and fixed,"A column-name clash in the SKU split (category and SKU baselines both called baselinemovingavg) crashed the first run; fixed by dropping the category baseline before the join. Model file paths were stored relative to the project, which broke when tests wrote models to a temporary folder; now relative inside the project, absolute outside. The pipeline started Spark even for the ML stage, which doesn't need it; Spark now starts only for ingest / silver / gold.",76,docs/05_demand_forecasting.md,464cc9e1e53621f7
MC-STOCK-01,MC-STOCK,method,6. Stockout Risk and Replenishment (Phase 4C),Overview,"Status: complete · Code: src/ml/stockout/run.py · Run: python -m scripts.runpipeline --stages ml (runs after forecasting) Outputs (columns in goldcatalog.md): gldstockoutrisk, gldreplenishment, gldstockoutbacktest",22,docs/06_stockout_replenishment.md,254532240d0e3006
MC-STOCK-02,MC-STOCK,method,6. Stockout Risk and Replenishment (Phase 4C),Question answered,"Which focus SKUs may run out of stock, and how much should be reordered? Every result is advisory; nothing places an order.",22,docs/06_stockout_replenishment.md,254532240d0e3006
MC-STOCK-03,MC-STOCK,method,6. Stockout Risk and Replenishment (Phase 4C),Inputs,"Input: End-of-day stock, reorder level, days of inventory, daily units sold; From: gldinventorydaily (Gold, rebuilt from weekly counts + events − sales). Input: Forecast demand 1–7 days ahead per store × focus SKU, with 10–90% band; From: gldskudemandforecast (Phase 4B). Decisions are made every day of the September backtest (using the forecast made that day by the model trained on Apr–Aug) and for the last day of data (30 Sep, ""current"").",71,docs/06_stockout_replenishment.md,254532240d0e3006
MC-STOCK-04,MC-STOCK,method,6. Stockout Risk and Replenishment (Phase 4C),Assumptions (stored on every replenishment row),"Assumption: Supplier lead time; Value: 2 days; Why: the simulator uses 1–2 days; the worst case is the safe choice. Assumption: Review period; Value: 1 day; Why: decisions are taken daily. Assumption: Service level; Value: 95% (z = 1.65); Why: common retail default. Assumption: ""Low cover"" threshold; Value: 3 days of inventory.",52,docs/06_stockout_replenishment.md,254532240d0e3006
MC-STOCK-05,MC-STOCK,method,6. Stockout Risk and Replenishment (Phase 4C),Risk tiers (transparent rules),"Tier: High; Condition: stock is 0, or forecast demand over the next 3 days (lead time + 1) ≥ stock; Reason codes: ZEROSTOCK, DEMANDEXCEEDSSTOCK. Tier: Medium; Condition: stock ≤ reorder level, or days of inventory < 3; Reason codes: BELOWREORDER, LOWDAYSCOVER. Tier: Low; Condition: none of the above; Reason codes: —. All applicable reason codes are listed, so every flag explains itself. Also stored: forecast demand over 3 days (and its 90th-percentile version) and days of cover = stock ÷ forecast daily demand.",83,docs/06_stockout_replenishment.md,254532240d0e3006
MC-STOCK-06,MC-STOCK,method,6. Stockout Risk and Replenishment (Phase 4C),Replenishment quantity,"suggestedqty = ceil( max(0, forecast demand over (lead time + review) + safety stock − current stock) ) safety stock = 1.65 × standard deviation of daily units sold (last 28 days) × √(lead time)",35,docs/06_stockout_replenishment.md,254532240d0e3006
MC-STOCK-07,MC-STOCK,method,6. Stockout Risk and Replenishment (Phase 4C),Results (medium run) (part 1),"Current position (30 Sep 2025): 10 SKUs High, 30 Medium, 260 Low; 49 SKUs to reorder, 133 units in total. Backtest: for each decision taken while the SKU was still in stock (8,200 store × SKU × day decisions in September), did the SKU actually stock out within the next 3 days? Decisions on SKUs already at zero are excluded, because predicting those is trivial and would flatter the result. Rule: High tier (forecast-based); Flags: 4.2% of decisions; Precision: 20.5%; Recall: 19.4%. Rule: High or Medium tier; Flags: 14.4%; Precision: 11.5%; Recall: 37.5%. Rule: Naive: stock ≤ reorder level; Flags: 14.2%; Precision: 11.6%; Recall: 37.5%. Rule: No rule (base rate); Flags: —; Precision: 4.4%; Recall: —. How to read this: The forecast-based High tier is about twice as precise as the naive reorder rule and 4.7× better than chance. It is the right short list for a manager's attention. The naive rule catches more stockouts (recall 37.5%) but with a",160,docs/06_stockout_replenishment.md,254532240d0e3006
MC-STOCK-08,MC-STOCK,method,6. Stockout Risk and Replenishment (Phase 4C),Results (medium run) (part 2),"the naive reorder rule and 4.7× better than chance. It is the right short list for a manager's attention. The naive rule catches more stockouts (recall 37.5%) but with a lot more noise. That is a genuine precision/recall trade-off, shown on screen rather than hidden. Recall is modest by nature here: many stockouts come from planted supplier outages (no stock or demand signal can predict a supplier failing), and stock between weekly counts drifts when Silver quarantined some lines or events (see the inventory reconciliation gap in Gold). Planted supplier outages: 2 of 2 outages that start inside the backtest window were flagged High or Medium in the 3 days before they started. The pass bar (50%) was fixed before measuring, but 2 is too small a sample to prove much.",131,docs/06_stockout_replenishment.md,254532240d0e3006
MC-STOCK-09,MC-STOCK,method,6. Stockout Risk and Replenishment (Phase 4C),How it is verified,"python -m scripts.checkml: checks 7–10 (checks 1–6 cover forecasting): 7. A tier for every focus SKU on every decision day, and every High/Medium row has a reason. 8. Every suggested quantity follows the formula and is never negative. 9. The forecast-based High tier is more precise than the naive reorder rule. 10. Planted supplier outages are warned (ground truth read only by the report). tests/unit/teststockoutrules.py: hand-made cases for each tier (zero stock → High; demand over lead time > stock → High; below reorder level → Medium; plenty of stock → Low with order 0) and the exact replenishment formula.",100,docs/06_stockout_replenishment.md,254532240d0e3006
MC-STOCK-10,MC-STOCK,method,6. Stockout Risk and Replenishment (Phase 4C),Problems found and decisions made,"Backtest restricted to in-stock decisions, so the reported precision measures warning before a stockout, not recognising one that has already happened. Windows file locking: writing a new table occasionally failed with ""Access is denied"" while renaming a just-written folder (antivirus/indexing briefly locks new files). All writers now retry the rename for a few seconds; the same fix protects every layer. A rule name containing ""≤"" could not be printed by the Windows console; rule names use plain ""<="" and the scripts print UTF-8.",83,docs/06_stockout_replenishment.md,254532240d0e3006
MC-STOCK-11,MC-STOCK,method,6. Stockout Risk and Replenishment (Phase 4C),Possible next improvements (Tier 2),"A learned stockout classifier, adopted only if it beats these rules in the same backtest. Lead time per supplier instead of one assumption.",23,docs/06_stockout_replenishment.md,254532240d0e3006
MC-LOST-01,MC-LOST,method,8. Inventory Explorer and Lost-Sales Estimate (Phase 5A),Overview,"Status: complete, with one documented known limitation · Code: src/ml/lostsales.py, src/serving/queries.py (explorer functions), app/views/inventory.py (Inventory explorer tab) · Run: python -m scripts.runpipeline --stages ml,publish Output (columns in goldcatalog.md): gldlostsales · Metric: ""Lost sales (estimate)"" in metricdefinitions.md",36,docs/08_inventory_explorer_lost_sales.md,6f2cf719a9558fb9
MC-LOST-02,MC-LOST,method,8. Inventory Explorer and Lost-Sales Estimate (Phase 5A),Business question,"What did empty shelves cost us, and which SKUs did it hit hardest? An inventory manager is judged on availability. The lost-sales figure turns stockouts into money and tells the manager where better replenishment would pay off. The explorer lets them drill into one store × SKU to see why it ran out.",53,docs/08_inventory_explorer_lost_sales.md,6f2cf719a9558fb9
MC-LOST-03,MC-LOST,method,8. Inventory Explorer and Lost-Sales Estimate (Phase 5A),Lost-sales estimate,"For every stockout day (stock reached 0 at some point, from gldinventorydaily): expectedunits = average daily units sold on the SKU's IN-STOCK days in the previous 28 days lostunits = max(0, expectedunits − units actually sold) lostrevenue = lostunits × catalog price Stockout days are excluded from the expectation, because their sales were cut short by empty shelves and would drag the expectation down. At least 7 in-stock days of history are required; otherwise no estimate is made. Business caveat: in the simulation a shopper facing an empty shelf often bought a substitute, so this is revenue lost for that SKU. The store as a whole lost less.",108,docs/08_inventory_explorer_lost_sales.md,6f2cf719a9558fb9
MC-LOST-04,MC-LOST,method,8. Inventory Explorer and Lost-Sales Estimate (Phase 5A),Inventory explorer (4th tab of the Inventory workspace),"Network view: estimated lost sales across all stores, lost units, stockout days; the 10 SKUs that lost the most; lost sales by store. One SKU in detail: pick a store and SKU (it defaults to the worst one) → stockout days, units sold, restocked / damaged, estimated lost sales, and the average gap between weekly counts and calculated stock. Chart: calculated closing stock, weekly counted stock (hover shows the gap), restocks, write-offs, the reorder level, and shaded stockout days. Daily rows table for that SKU. All data comes from four new role-checked functions in src/serving/queries.py; only the Inventory role (and admin) can call them.",104,docs/08_inventory_explorer_lost_sales.md,6f2cf719a9558fb9
MC-LOST-05,MC-LOST,method,8. Inventory Explorer and Lost-Sales Estimate (Phase 5A),Results (medium run),"Measure: Stockout days with an estimate; Value: 1,898 (store × SKU × day). Measure: Estimated lost units; Value: 811. Measure: Estimated lost revenue; Value: ₹1,57,101 (before substitutes). Measure: Simulator's true lost units; Value: 809.",34,docs/08_inventory_explorer_lost_sales.md,6f2cf719a9558fb9
MC-LOST-06,MC-LOST,method,8. Inventory Explorer and Lost-Sales Estimate (Phase 5A),Verification against ground truth,"Pass bars were fixed before measuring: total within ±50% of the simulator's true lost units, and SKU-level ranking agreement (Spearman) ≥ 0.4. Check: 5A.1 Rows only on stockout days; never negative; units × price = revenue; Result: ✅ PASS. Check: 5A.2 Total close to the truth (±50%); Result: ✅ PASS: 811 vs 809 (ratio 1.00). Check: 5A.3 Ranks the right SKUs (Spearman ≥ 0.4); Result: ⚠️ LIMIT: bar not met (0.35), documented known limitation. Check: 5A.4 Explorer functions role-checked; Result: ✅ PASS.",82,docs/08_inventory_explorer_lost_sales.md,6f2cf719a9558fb9
MC-LOST-07,MC-LOST,method,8. Inventory Explorer and Lost-Sales Estimate (Phase 5A),"Verification against ground truth › Why 5A.3 is not met (diagnostic, 2026-10-05) (part 1)","Finding: True lost units per SKU over six months; Value: median 1; 65% of SKUs lost ≤ 2 units. Finding: True lost units on days the rebuilt inventory also marks as stockout; Value: 65% (35% missed). Finding: SKUs with no true loss but an estimate; Value: 80 (false stockout days). Finding: Ranking agreement, all 291 SKUs; Value: Spearman 0.35 (Pearson 0.48). Finding: Ranking agreement, SKUs that lost ≥ 10 units; Value: Spearman 0.47, Pearson 0.68. Interpretation: The weak point is not the lost-sales formula but which days count as stockouts. Stock is rebuilt in Gold from weekly counts, events and sales, and drifts between counts because Silver quarantined some lines and events. The same root cause gives the 67% stockout recall measured in Gold. The near-exact total is partly luck: missed stockout days and false ones roughly cancel out. In practice the estimate is reliable for the total and for the biggest losers, which is what a manager acts on,",160,docs/08_inventory_explorer_lost_sales.md,6f2cf719a9558fb9
MC-LOST-08,MC-LOST,method,8. Inventory Explorer and Lost-Sales Estimate (Phase 5A),"Verification against ground truth › Why 5A.3 is not met (diagnostic, 2026-10-05) (part 2)","missed stockout days and false ones roughly cancel out. In practice the estimate is reliable for the total and for the biggest losers, which is what a manager acts on, and unreliable for ranking SKUs that lost only a unit or two. The app shows this caveat. Decision (2026-10-05): keep the pre-set bar unchanged, record the result as a known limitation (shown as LIMIT in checkphase5, never as PASS), and treat better stockout detection as a Tier 2 improvement.",79,docs/08_inventory_explorer_lost_sales.md,6f2cf719a9558fb9
MC-LOST-09,MC-LOST,method,8. Inventory Explorer and Lost-Sales Estimate (Phase 5A),How it is verified,python -m scripts.checkphase5: section 5A (above). tests/unit/testlostsales.py: hand-made cases (expected − sold × price; earlier stockout days excluded from the expectation; no estimate without enough history; never negative). tests/app/testapp.py: the explorer functions reject other roles; the Inventory workspace renders the explorer KPIs.,42,docs/08_inventory_explorer_lost_sales.md,6f2cf719a9558fb9
MC-LOST-10,MC-LOST,method,8. Inventory Explorer and Lost-Sales Estimate (Phase 5A),Problems found and fixed,"Publish recorded the previous model version when ml and publish ran in the same command, because the run log is only written when a run ends. The snapshot now takes the model version from the published predictions; Phase 4 check 11 caught it.",43,docs/08_inventory_explorer_lost_sales.md,6f2cf719a9558fb9
MC-LOST-11,MC-LOST,method,8. Inventory Explorer and Lost-Sales Estimate (Phase 5A),Possible improvement (Tier 2),"Better stockout-day detection in Gold, e.g. weighting the weekly counts more strongly or requiring a run of low readings, then re-measuring 5A.3 against the same 0.4 bar.",27,docs/08_inventory_explorer_lost_sales.md,6f2cf719a9558fb9
MC-ANOM-01,MC-ANOM,method,"9. Business & Revenue Workspace (Phases 5B, 5C)",Overview,"Status: complete, with one documented known limitation (5C.2) · Code: app/views/business.py, src/serving/queries.py (business functions), src/ml/anomaly.py · Run: python -m scripts.runpipeline --stages ml,publish, then streamlit run app/Home.py · Check: python -m scripts.checkphase5 Outputs (columns in goldcatalog.md): gldsalesanomalies, gldanomalyseries · Login: the Business Analyst demo account (and admin)",46,docs/09_business_workspace.md,d35d69e9e8c9c92d
MC-ANOM-02,MC-ANOM,method,"9. Business & Revenue Workspace (Phases 5B, 5C)",Business questions,"How are we selling? Revenue, orders, basket size and cancellations, and how they compare with the previous period. Are we delivering on our promise? On-time rate, delivery time, failed deliveries, and the reasons for cancellations. Did something unusual happen? Products that suddenly took off, payment-gateway failures, and quiet hours at a store.",52,docs/09_business_workspace.md,d35d69e9e8c9c92d
MC-ANOM-03,MC-ANOM,method,"9. Business & Revenue Workspace (Phases 5B, 5C)",The page,"Two filters at the top (date range, stores) apply to every tab. Tab: Sales & revenue performance; What it shows: Net revenue, completed orders, AOV, units, cancellation rate, each vs the previous period of equal length; daily / weekly revenue trend; revenue by store; category contribution; top products; Source: glddailysales, gldmonthlyproductsales. Tab: Delivery & operations; What it shows: On-time rate (≤ 15 min after pickup), average and typical P90 delivery time, failed deliveries, in-transit cancellations; trend; worst stores first; cancellations by reason; Source: glddeliverymetrics, gldcancellationmetrics. Tab: Anomaly detection; What it shows: Count per detector, filterable list sorted by how unusual each event is, and a chart of observed vs expected around a selected anomaly; Source: gldsalesanomalies, gldanomalyseries. All metric definitions are in metricdefinitions.md. Every number comes from a role-checked function in src/serving/queries.py. stores() and categories() are shared filters open to the Inventory, Business and Marketing roles.",146,docs/09_business_workspace.md,d35d69e9e8c9c92d
MC-ANOM-04,MC-ANOM,method,"9. Business & Revenue Workspace (Phases 5B, 5C)",Results (medium run),"Measure: Net revenue (Apr–Sep); Value: ₹24,520,853.55. Measure: Completed orders; Value: 30,321. Measure: AOV; Value: ₹826.89. Measure: Delivered orders; Value: 30,575. Measure: On-time rate; Value: 50.2% (avg 16.3 min, against a 15-minute promise). The page totals match Gold exactly (check 5B.1/5B.2).",40,docs/09_business_workspace.md,d35d69e9e8c9c92d
MC-ANOM-05,MC-ANOM,method,"9. Business & Revenue Workspace (Phases 5B, 5C)",Anomaly detection (5C),"Each detector compares an observed count with what is normal over the previous 28 days and scores how unlikely the count is (p-value, shown as score = −log10 p). An anomaly is a signal to investigate, not proof of a problem. Detector: Demand spike; Observed: orders containing a product at a store on a day; Expected: product's share of the store's orders over the last 28 days × that day's store orders; Flag when: p < 0.0001 and ≥ 4 orders; consecutive days merged. Detector: Payment failure; Observed: network-wide failed payments and payment-service ERROR logs per hour; Expected: same hour, previous 28 days; Flag when: p < 0.000001 and ≥ 4 events; consecutive hours merged. Detector: Store outage (experimental); Observed: orders in a 2–8 hour window (06:00–23:59 IST); Expected: same store, hours and day type (weekday/weekend), previous 28 days; Flag when: p < 0.001 and ≥ 6 orders expected.",149,docs/09_business_workspace.md,d35d69e9e8c9c92d
MC-ANOM-06,MC-ANOM,method,"9. Business & Revenue Workspace (Phases 5B, 5C)","Anomaly detection (5C) › Method revision (approved 2026-10-05, after the first measurement)","The first version used Poisson p-values, which assume the variance equals the mean. The data varies much more than that: store-day orders have a mean of 15.6 and a variance of 27.7, driven by weekdays, rain and promotions. Ordinary quiet or busy spells therefore looked ""impossible"", and the first measurement failed precision (7 of 30, 23%). Changes, all decided before re-measuring once: 1. Spikes and outages use a negative binomial model (var = μ + α·μ²), with α estimated from the data by method of moments. 2. The spike baseline scales with that day's store orders, so a busy day is not a spike. 3. Store outages are labelled experimental and left out of the precision figure. A store gets less than 1 order an hour, so a 3–6 hour outage cannot be told apart from chance using orders alone. Real systems use store heartbeats, which this data does not have. 4. Thresholds, minimum counts and the pass bars were not changed. Payment detection was unchanged (it had passed).",169,docs/09_business_workspace.md,d35d69e9e8c9c92d
MC-ANOM-07,MC-ANOM,method,"9. Business & Revenue Workspace (Phases 5B, 5C)",Anomaly detection (5C) › Verification against the planted anomalies,"Pass bars were fixed before measuring. A detection matches a planted anomaly with the same type, store and product within 1 hour (1 day for spikes). Check: 5C.2 Demand spikes found (≥ 80%); First run: 4 of 6; After revision: ⚠️ LIMIT: 4 of 6, known limitation. Check: 5C.3 Payment failures found (≥ 2/3); First run: 3 of 3; After revision: ✅ PASS: 3 of 3. Check: 5C.4 Store outages (no bar, reported); First run: 0 of 6; 11 false alarms; After revision: 0 of 6; 5 false alarms. Check: 5C.5 Precision of spike + payment detections (≥ 50%); First run: 23% (all detectors); After revision: ✅ PASS: 7 of 11 (64%). Why 5C.2 is not met. Both missed spikes are undetectable from this data: S02 / P0062 on 4 April is day 4 of the data, so there is no 28-day history to compare with. S11 / P0282 on 23 July was planted as ""~25% of orders"" but produced only 3 orders at that store, below the 4-order minimum. Lowering the minimum would flood the list with 3-order false alarms. The bar stays and the result is reported as LIMIT.",191,docs/09_business_workspace.md,d35d69e9e8c9c92d
MC-ANOM-08,MC-ANOM,method,"9. Business & Revenue Workspace (Phases 5B, 5C)",Limitations,"Anomaly p-values are per-test; with thousands of store × product × day tests a few false alarms are expected (4 of 11 here). Store outages from order volume alone are not reliable at ~1 order per store-hour. Weekly delivery and cancellation tables are matched to the filter by week, not exact days.",52,docs/09_business_workspace.md,d35d69e9e8c9c92d
MC-MKT-01,MC-MKT,method,10. Marketing Analytics — Model Cards (Phase 5D),Overview,"Status: complete · Code: src/ml/marketing.py (orchestration, basket rules, retention), src/ml/segmentation.py, src/ml/recommendations.py · Run: python -m scripts.runpipeline --stages ml,publish · Check: python -m scripts.checkphase5 (section 5D) Outputs (columns in goldcatalog.md): gldcustomersegments, gldsegmentprofiles, gldsegmentationselection, gldbasketrules, gldrecommendations, gldrecommendationmetrics, gldretentioncohorts, gldcustomerretention Registry: metamodelruns (customersegmentation, recommendations), metamodelmetrics (backtest and the August weight grid) The step runs in pandas / scikit-learn inside the ml stage (no Spark). Ground truth (gtpersonas, gtaffinitypairs) is read only by the check script.",72,docs/10_marketing_analytics.md,50e495ac0f1e13fd
MC-MKT-02,MC-MKT,method,10. Marketing Analytics — Model Cards (Phase 5D),"Pass bars (fixed before measuring, 2026-10-05)","Check: 5D.1 Every buyer in one segment; k in 3–8; unique names; Bar: structural; Result: ✅ PASS: k = 7, 5,307 customers. Check: 5D.2 Segments recover the planted personas; Bar: ARI ≥ 0.3; Result: ✅ PASS: 0.505 (5 personas vs 7 segments). Check: 5D.3 Stability across random seeds; Bar: ARI ≥ 0.7; Result: ✅ PASS: 0.840. Check: 5D.4 Planted affinity pairs found as rules A → B; Bar: ≥ 20 of 25; Result: ✅ PASS: 23 of 25 among 352 rules. Check: 5D.5 Recommendations beat popularity (Precision@10, Sept); Bar: hybrid > popularity; Result: ✅ PASS after one approved revision: 14.8% vs 14.0%. Check: 5D.6 Retention arithmetic; Bar: consistency; Result: ✅ PASS. Check: 5D.7 Marketing functions role-checked; Bar: 15/15; Result: ✅ PASS.",121,docs/10_marketing_analytics.md,50e495ac0f1e13fd
MC-MKT-03,MC-MKT,method,10. Marketing Analytics — Model Cards (Phase 5D),Model card 1: Customer segmentation (part 1),"Purpose: Population; Group customers by how they shop so campaigns can be targeted: Customers with ≥ 1 completed order (5,307 of 6,000). Purpose: Features; Group customers by how they shop so campaigns can be targeted: log spend, log orders, recency, AOV, items per order, distinct categories, night / weekend / promotion share, cancellation rate, share of spend per category (from gldcustomer360, gldcustomercategory), standardised. Purpose: Method; Group customers by how they shop so campaigns can be targeted: K-means; k chosen from 3–8 by silhouette (best k = 7, silhouette 0.078); stability = mean adjusted Rand index vs 5 reruns with other seeds (0.84). Purpose: Names; Group customers by how they shop so campaigns can be targeted: Generated from each segment's measured traits (z-score > 0.5 on night / promotion / weekend / basket / frequency / spend; ""Lapsing"" if recency is high) plus its top category. Never preset names. A campaign idea is suggested from the same traits.. Segments found: Segment:",160,docs/10_marketing_analytics.md,50e495ac0f1e13fd
MC-MKT-04,MC-MKT,method,10. Marketing Analytics — Model Cards (Phase 5D),Model card 1: Customer segmentation (part 2),"/ basket / frequency / spend; ""Lapsing"" if recency is high) plus its top category. Never preset names. A campaign idea is suggested from the same traits.. Segments found: Segment: Frequent · High-value — Atta, Rice & Dal; Customers: 1,385 (26%); Avg spend: ₹7,059; Avg orders: 9.8; AOV: ₹722; Night share: 18%; Campaign idea: Loyalty perks; protect this revenue. Segment: Big-basket · Premium-basket — Baby Care; Customers: 1,034 (19%); Avg spend: ₹7,921; Avg orders: 4.9; AOV: ₹1,680; Night share: 18%; Campaign idea: Loyalty perks and premium assortment. Segment: Everyday — Atta, Rice & Dal; Customers: 936 (18%); Avg spend: ₹1,056; Avg orders: 2.0; AOV: ₹563; Night share: 23%; Campaign idea: Cross-sell to raise basket size. Segment: Night-time — Sweets & Chocolates; Customers: 878 (17%); Avg spend: ₹2,418; Avg orders: 6.1; AOV: ₹410; Night share: 64%; Campaign idea: Late-evening push and snack bundles. Segment: Everyday — Gourmet & Organic; Customers: 699 (13%); Avg spend: ₹4,711; Avg orders: 4.7; AOV: ₹1,094; Night",160,docs/10_marketing_analytics.md,50e495ac0f1e13fd
MC-MKT-05,MC-MKT,method,10. Marketing Analytics — Model Cards (Phase 5D),Model card 1: Customer segmentation (part 3),"AOV: ₹410; Night share: 64%; Campaign idea: Late-evening push and snack bundles. Segment: Everyday — Gourmet & Organic; Customers: 699 (13%); Avg spend: ₹4,711; Avg orders: 4.7; AOV: ₹1,094; Night share: 26%; Campaign idea: Cross-sell from top category. Segment: Everyday — Health & Wellness; Customers: 256 (5%); Avg spend: ₹2,565; Avg orders: 3.5; AOV: ₹775; Night share: 31%; Campaign idea: Cross-sell from top category. Segment: Night-time — Instant & Frozen Food; Customers: 119 (2%); Avg spend: ₹360; Avg orders: 1.9; AOV: ₹182; Night share: 55%; Campaign idea: Late-evening push and snack bundles. Limitations. The silhouette is low (0.08): shoppers form overlapping groups rather than sharply separated ones, which is normal for behavioural data. The segments are still stable and agree with the planted personas (ARI 0.5). Campaign ideas are suggestions, not tested results. One customer nets to −₹34.80 spend in gldcustomer360 (refund larger than order value) and is treated as ₹0 spend; worth a Gold follow-up.",156,docs/10_marketing_analytics.md,50e495ac0f1e13fd
MC-MKT-06,MC-MKT,method,10. Marketing Analytics — Model Cards (Phase 5D),Model card 2: Basket rules (affinity),"Purpose: Input; ""When A is in the basket, B often is too"": placement, bundles, checkout suggestions: gldbasketpairs (completed orders). Purpose: Method; ""When A is in the basket, B often is too"": placement, bundles, checkout suggestions: Each pair is turned into two directed rules A → B and B → A, with confidence = baskets with both ÷ baskets with A, and lift = confidence ÷ share of baskets with B. Rules are kept when confidence ≥ 10% and lift ≥ 2 (thresholds set in advance).. Purpose: Result; ""When A is in the basket, B often is too"": placement, bundles, checkout suggestions: 352 rules; 23 of the 25 planted affinity pairs found in the right direction. Purpose: Limitations; ""When A is in the basket, B often is too"": placement, bundles, checkout suggestions: Pairs only (no 3-item sets); rare products can show high lift on few baskets, so basketsboth is shown next to every rule.",153,docs/10_marketing_analytics.md,50e495ac0f1e13fd
MC-MKT-07,MC-MKT,method,10. Marketing Analytics — Model Cards (Phase 5D),Model card 3: Recommendations (part 1),"Purpose: Input; Top-10 products per customer, each with a reason (""you buy this often"" / ""often bought with your items"" / ""popular""): Silver completed orders and items. Purpose: Score; Top-10 products per customer, each with a reason (""you buy this often"" / ""often bought with your items"" / ""popular""): wrepeat × own purchase frequency + wcopurchase × co-purchase strength with the customer's items + wpopular × global popularity (each normalised 0–1). Purpose: Weights; Top-10 products per customer, each with a reason (""you buy this often"" / ""often bought with your items"" / ""popular""): Chosen on August from a grid fixed in advance (repeat {0, 0.5, 1} × co-purchase {0, 0.3, 0.6, 1} × popular {0.2, 0.5, 1, 2}), training on Apr–Jul. Chosen: repeat 0.5 · co-purchase 1 · popular 1. Purpose: Test; Top-10 products per customer, each with a reason (""you buy this often"" / ""often bought with your items"" / ""popular""): Refit on Apr–Aug and score September once; 2,670",160,docs/10_marketing_analytics.md,50e495ac0f1e13fd
MC-MKT-08,MC-MKT,method,10. Marketing Analytics — Model Cards (Phase 5D),Model card 3: Recommendations (part 2),"Purpose: Test; Top-10 products per customer, each with a reason (""you buy this often"" / ""often bought with your items"" / ""popular""): Refit on Apr–Aug and score September once; 2,670 customers who bought in both periods. Method (September): Hybrid (used); Precision@10: 14.8%; Recall@10: 28.0%; Hit rate: 73%; Coverage: 34%. Method (September): Popularity baseline; Precision@10: 14.0%; Recall@10: 26.5%; Hit rate: 72%; Coverage: 2%. Method (September): Buy-again only; Precision@10: 12.7%; Recall@10: 24.0%; Hit rate: 69%; Coverage: 91%. Revision (approved 2026-10-05, after the first measurement). The first version used fixed weights (repeat 1.0, co-purchase 0.6, popular 0.2) on the assumption that quick-commerce shoppers mostly re-buy the same items. It lost to popularity (13.4% vs 14.0%). A diagnostic showed only 27% of September purchases were repeats, while the 10 best-sellers alone covered another 27.6%. The weights are now chosen on the validation month; September was never used to choose anything. Limitations. The win over popularity is small (+0.8 points), but the hybrid recommends 17×",160,docs/10_marketing_analytics.md,50e495ac0f1e13fd
MC-MKT-09,MC-MKT,method,10. Marketing Analytics — Model Cards (Phase 5D),Model card 3: Recommendations (part 3),"The weights are now chosen on the validation month; September was never used to choose anything. Limitations. The win over popularity is small (+0.8 points), but the hybrid recommends 17× more distinct products (coverage 34% vs 2%), which matters for discovery. The final model is refit on all data for the app.",52,docs/10_marketing_analytics.md,50e495ac0f1e13fd
MC-MKT-10,MC-MKT,method,10. Marketing Analytics — Model Cards (Phase 5D),Model card 4: Retention (descriptive only),"Purpose: Cohorts; Who is still ordering and who has gone quiet; win-back lists: Customers grouped by the month of their first completed order; share with a completed order in each later month. Purpose: Status; Who is still ordering and who has gone quiet; win-back lists: Days since last completed order at the end of the data: active ≤ 14, cooling 15–30, at risk 31–60, lapsed > 60, plus never ordered. Value tier = spend thirds; overdue = days since last order > 2 × the customer's own average gap. Purpose: No churn prediction; Who is still ordering and who has gone quiet; win-back lists: The synthetic data has no planted churn signal, so a predictive model would have nothing true to learn. It is a Tier 2 item (ProjectPlanv2.md §10.1).. Results: active 1,933 · cooling 1,143 · at risk 1,124 · lapsed 1,107 · never ordered 693; 1,050 customers overdue. Month-1 retention falls from 64% (April cohort) to 44% (July/August cohorts). After the first month the April cohort stays near 60%.",171,docs/10_marketing_analytics.md,50e495ac0f1e13fd
