table,column,dtype
gld_daily_sales,store_id,string
gld_daily_sales,business_date,date
gld_daily_sales,city_id,string
gld_daily_sales,orders_placed,int
gld_daily_sales,orders_cancelled,int
gld_daily_sales,orders_completed,int
gld_daily_sales,gmv,decimal
gld_daily_sales,discount,decimal
gld_daily_sales,refunds,decimal
gld_daily_sales,net_revenue,decimal
gld_daily_sales,avg_order_value,double
gld_daily_sales,units,int
gld_daily_sales,unique_customers,int
gld_daily_sales,bulk_orders,int
gld_daily_sales,cancellation_rate,double
gld_daily_category_sales,store_id,string
gld_daily_category_sales,category_id,string
gld_daily_category_sales,business_date,date
gld_daily_category_sales,units,int
gld_daily_category_sales,revenue,decimal
gld_daily_category_sales,orders,int
gld_daily_category_sales,promo_active,boolean
gld_daily_category_sales,avg_unit_price,double
gld_product_performance,product_id,string
gld_product_performance,month,date
gld_product_performance,product_name,string
gld_product_performance,brand,string
gld_product_performance,category_id,string
gld_product_performance,units,int
gld_product_performance,revenue,decimal
gld_product_performance,orders,int
gld_product_performance,avg_selling_price,double
gld_product_performance,rank_in_category,int
gld_product_performance,share_of_category_revenue,double
gld_inventory_daily,store_id,string
gld_inventory_daily,product_id,string
gld_inventory_daily,business_date,date
gld_inventory_daily,opening_stock,int
gld_inventory_daily,units_sold,int
gld_inventory_daily,restocked,int
gld_inventory_daily,damaged,int
gld_inventory_daily,adjusted,int
gld_inventory_daily,closing_stock,int
gld_inventory_daily,reorder_level,int
gld_inventory_daily,below_reorder_level,boolean
gld_inventory_daily,is_stockout,boolean
gld_inventory_daily,calculated_negative,boolean
gld_inventory_daily,snapshot_stock,int
gld_inventory_daily,reconciliation_gap,int
gld_inventory_daily,avg_daily_units_14d,double
gld_inventory_daily,days_of_inventory,double
gld_demand_features,store_id,string
gld_demand_features,category_id,string
gld_demand_features,business_date,date
gld_demand_features,city_id,string
gld_demand_features,target_units,int
gld_demand_features,lag_1,int
gld_demand_features,lag_7,int
gld_demand_features,lag_14,int
gld_demand_features,rolling_mean_7,double
gld_demand_features,rolling_mean_14,double
gld_demand_features,rolling_std_7,double
gld_demand_features,history_days,int
gld_demand_features,day_of_week,int
gld_demand_features,is_weekend,boolean
gld_demand_features,is_holiday,boolean
gld_demand_features,holiday_name,string
gld_demand_features,month,int
gld_demand_features,day_of_month,int
gld_demand_features,promo_active,boolean
gld_demand_features,rainfall_mm,double
gld_demand_features,temperature_c,double
gld_demand_features,stockout_share,double
gld_demand_features,stockout_share_lag_1,double
gld_demand_features,split,string
gld_customer_360,customer_id,string
gld_customer_360,city_id,string
gld_customer_360,signup_date,date
gld_customer_360,orders_placed,int
gld_customer_360,orders_completed,int
gld_customer_360,orders_cancelled,int
gld_customer_360,total_spend,decimal
gld_customer_360,avg_order_value,double
gld_customer_360,units,int
gld_customer_360,avg_items_per_order,double
gld_customer_360,distinct_categories,int
gld_customer_360,top_category,string
gld_customer_360,first_order_date,date
gld_customer_360,last_order_date,date
gld_customer_360,recency_days,int
gld_customer_360,tenure_days,int
gld_customer_360,cancellation_rate,double
gld_customer_360,night_order_share,double
gld_customer_360,weekend_order_share,double
gld_customer_360,promo_order_share,double
gld_customer_360,reviews,int
gld_customer_360,avg_rating,double
gld_customer_category,customer_id,string
gld_customer_category,category_id,string
gld_customer_category,units,int
gld_customer_category,revenue,decimal
gld_customer_category,share_of_revenue,double
gld_basket_pairs,product_a,string
gld_basket_pairs,product_b,string
gld_basket_pairs,product_a_name,string
gld_basket_pairs,product_b_name,string
gld_basket_pairs,category_a,string
gld_basket_pairs,category_b,string
gld_basket_pairs,baskets_both,int
gld_basket_pairs,baskets_a,int
gld_basket_pairs,baskets_b,int
gld_basket_pairs,total_baskets,int
gld_basket_pairs,support,double
gld_basket_pairs,confidence_a_to_b,double
gld_basket_pairs,confidence_b_to_a,double
gld_basket_pairs,lift,double
gld_delivery_metrics,store_id,string
gld_delivery_metrics,business_date,date
gld_delivery_metrics,deliveries,int
gld_delivery_metrics,delivered,int
gld_delivery_metrics,failed,int
gld_delivery_metrics,cancelled_in_transit,int
gld_delivery_metrics,avg_delivery_minutes,double
gld_delivery_metrics,p50_delivery_minutes,double
gld_delivery_metrics,p90_delivery_minutes,double
gld_delivery_metrics,on_time_rate,double
gld_delivery_metrics,active_partners,int
gld_cancellation_metrics,store_id,string
gld_cancellation_metrics,week_start,date
gld_cancellation_metrics,stage,string
gld_cancellation_metrics,reason,string
gld_cancellation_metrics,cancellations,int
gld_cancellation_metrics,orders_placed,int
gld_cancellation_metrics,share_of_orders,double
gld_promotion_metrics,promotion_id,string
gld_promotion_metrics,name,string
gld_promotion_metrics,category_id,string
gld_promotion_metrics,discount_pct,decimal
gld_promotion_metrics,start_date,date
gld_promotion_metrics,end_date,date
gld_promotion_metrics,days_active,int
gld_promotion_metrics,orders_with_promotion,int
gld_promotion_metrics,discount_cost,decimal
gld_promotion_metrics,promo_daily_units,double
gld_promotion_metrics,baseline_daily_units,double
gld_promotion_metrics,uplift_pct,double
gld_quality_summary,silver_run_id,string
gld_quality_summary,dataset,string
gld_quality_summary,check_type,string
gld_quality_summary,rule,string
gld_quality_summary,column,string
gld_quality_summary,rows_affected,int
gld_quality_summary,rows_checked,int
gld_quality_summary,affected_pct,double
gld_quality_summary,outcome,string
gld_demand_predictions,store_id,string
gld_demand_predictions,category_id,string
gld_demand_predictions,forecast_date,date
gld_demand_predictions,origin_date,date
gld_demand_predictions,horizon,int
gld_demand_predictions,run_type,string
gld_demand_predictions,forecast_units,double
gld_demand_predictions,lower_units,double
gld_demand_predictions,upper_units,double
gld_demand_predictions,baseline_seasonal_naive,double
gld_demand_predictions,baseline_moving_avg,double
gld_demand_predictions,actual_units,double
gld_demand_predictions,model_version,string
gld_forecast_metrics,evaluation,string
gld_forecast_metrics,model,string
gld_forecast_metrics,horizon,int
gld_forecast_metrics,segment,string
gld_forecast_metrics,mae,double
gld_forecast_metrics,rmse,double
gld_forecast_metrics,wape,double
gld_forecast_metrics,bias,double
gld_forecast_metrics,interval_coverage,double
gld_forecast_metrics,rows,int
gld_forecast_metrics,model_version,string
gld_forecast_feature_importance,feature,string
gld_forecast_feature_importance,rank,int
gld_forecast_feature_importance,importance_mae,double
gld_forecast_feature_importance,importance_std,double
gld_forecast_feature_importance,model_version,string
gld_sku_demand_forecast,store_id,string
gld_sku_demand_forecast,product_id,string
gld_sku_demand_forecast,category_id,string
gld_sku_demand_forecast,forecast_date,date
gld_sku_demand_forecast,origin_date,date
gld_sku_demand_forecast,horizon,int
gld_sku_demand_forecast,run_type,string
gld_sku_demand_forecast,sku_share,double
gld_sku_demand_forecast,forecast_units,double
gld_sku_demand_forecast,lower_units,double
gld_sku_demand_forecast,upper_units,double
gld_sku_demand_forecast,baseline_moving_avg,double
gld_sku_demand_forecast,actual_units,double
gld_sku_demand_forecast,model_version,string
gld_stockout_risk,as_of_date,date
gld_stockout_risk,store_id,string
gld_stockout_risk,product_id,string
gld_stockout_risk,category_id,string
gld_stockout_risk,closing_stock,int
gld_stockout_risk,reorder_level,int
gld_stockout_risk,days_of_inventory,double
gld_stockout_risk,forecast_demand_3d,double
gld_stockout_risk,forecast_upper_3d,double
gld_stockout_risk,days_of_cover,double
gld_stockout_risk,risk_tier,string
gld_stockout_risk,reason_codes,string
gld_stockout_risk,run_type,string
gld_stockout_risk,model_version,string
gld_replenishment,as_of_date,date
gld_replenishment,store_id,string
gld_replenishment,product_id,string
gld_replenishment,closing_stock,int
gld_replenishment,forecast_demand_protection,double
gld_replenishment,demand_std_28d,double
gld_replenishment,safety_stock,double
gld_replenishment,suggested_qty,int
gld_replenishment,risk_tier,string
gld_replenishment,lead_time_days,int
gld_replenishment,review_days,int
gld_replenishment,service_level,double
gld_replenishment,run_type,string
gld_replenishment,model_version,string
gld_stockout_backtest,rule,string
gld_stockout_backtest,pair_days,int
gld_stockout_backtest,flagged,int
gld_stockout_backtest,stockouts_next_3d,int
gld_stockout_backtest,true_positives,int
gld_stockout_backtest,precision,double
gld_stockout_backtest,recall,double
gld_stockout_backtest,flag_rate,double
gld_stockout_backtest,model_version,string
dim_products,product_id,string
dim_products,product_name,string
dim_products,category_id,string
dim_products,brand,string
dim_products,price,decimal
dim_stores,store_id,string
dim_stores,store_name,string
dim_stores,city_id,string
dim_stores,city,string
dim_stores,state,string
dim_categories,category_id,string
dim_categories,category_name,string
